event_code,days,detections,n_satellites,max_frp,mean_frp,frp_ratio,day_dets,night_dets,night_frac,det_per_day,facility_dist_km,facilities_1km,land_use
EVT-20260926-04315AD3,0.0,1,1,4.49,4.49,1.0,1,0,0.0,1.0,14.0915,0,unknown
EVT-20260921-589FB270,0.0,1,1,0.77,0.77,1.0,0,1,1.0,1.0,12.6166,0,unknown
EVT-20260923-BC185BA8,0.0,1,1,0.53,0.53,1.0,0,1,1.0,1.0,11.8771,0,industrial_urban
EVT-20260925-3FA8800B,0.0,2,1,1.18,1.145,1.0305676855895196,0,2,1.0,2.0,12.2947,0,industrial_urban
EVT-20260921-557F3E32,0.0,2,1,0.97,0.7949999999999999,1.2201257861635222,0,2,1.0,2.0,10.0319,0,unknown
EVT-20260923-F8382894,0.0,1,1,0.48,0.48,1.0,0,1,1.0,1.0,10.147,0,industrial_urban
EVT-20260925-06F0365D,0.0,1,1,1.01,1.01,1.0,0,1,1.0,1.0,9.1141,0,industrial_urban
EVT-20260925-52845AF7,0.0,1,1,1.13,1.13,1.0,0,1,1.0,1.0,1.1538,0,industrial_urban
EVT-20260921-7ACDC162,1.0,3,1,1.28,1.2133333333333332,1.0549450549450552,0,3,1.0,3.0,0.5925,1,unknown
EVT-20260923-29C60506,0.0,1,1,1.77,1.77,1.0,0,1,1.0,1.0,0.8122999999999999,1,industrial_urban
EVT-20260925-AB743940,0.0,3,2,2.14,1.2,1.7833333333333334,0,3,1.0,3.0,0.5732,1,industrial_urban
EVT-20260925-9FA157C6,0.1,2,2,0.89,0.785,1.1337579617834395,0,2,1.0,2.0,9.620899999999999,0,forest
EVT-20260926-36816129,0.0,1,1,4.4,4.4,1.0,1,0,0.0,1.0,4.220899999999999,0,industrial_urban
EVT-20260926-04E66EF2,0.0,1,1,1.39,1.39,1.0,0,1,1.0,1.0,422.72540000000004,0,unknown
EVT-20260925-09E45AC8,1.6,21,3,18.53,7.0600000000000005,2.6246458923512748,12,9,0.42857142857142855,13.125,1.3864,0,unknown
EVT-20260922-5DDD748E,0.0,1,1,1.12,1.12,1.0,0,1,1.0,1.0,366.3408,0,industrial_urban
EVT-20260925-8D1D9A79,1.5,7,2,4.09,2.0,2.045,1,6,0.8571428571428571,4.666666666666667,367.056,0,industrial_urban
EVT-20260923-E664117B,0.0,1,1,3.77,3.77,1.0,1,0,0.0,1.0,383.0627,0,industrial_urban
EVT-20260924-D13A6D98,0.0,1,1,0.81,0.81,1.0,0,1,1.0,1.0,384.0547,0,industrial_urban
EVT-20260926-1A873669,0.0,2,2,1.41,1.295,1.0888030888030888,0,2,1.0,2.0,384.278,0,unknown
EVT-20260926-37432F54,0.5,10,3,9.89,4.16,2.3774038461538463,3,7,0.7,10.0,5.9775,0,unknown
EVT-20260922-569D9F3C,0.0,3,1,1.38,1.2999999999999998,1.0615384615384615,0,3,1.0,3.0,1.4857,0,industrial_urban
EVT-20260926-328F90EB,0.0,9,2,3.73,2.7355555555555555,1.3635255889520714,0,9,1.0,9.0,4.328600000000001,0,unknown
EVT-20260922-D5A6803E,0.2,8,2,16.08,10.06875,1.597020484171322,8,0,0.0,8.0,3.9901,0,unknown
EVT-20260925-67CC1DDF,1.8,26,3,11.49,2.7342307692307695,4.202278801519201,1,25,0.9615384615384616,14.444444444444445,4.781899999999999,0,unknown
EVT-20260926-740A5A09,0.0,2,2,1.9,1.41,1.3475177304964538,0,2,1.0,2.0,88.6989,0,unknown
EVT-20260926-86501434,0.0,1,1,1.76,1.76,1.0,0,1,1.0,1.0,17.4743,0,unknown
EVT-20260925-793AC3BE,1.0,5,2,2.03,1.254,1.6188197767145134,0,5,1.0,5.0,3.539,0,unknown
EVT-20260922-5A3BA54C,0.5,2,1,5.71,4.58,1.2467248908296944,1,1,0.5,2.0,8.2845,0,unknown
EVT-20260925-A7BBBB65,1.9,12,3,5.4,2.994166666666666,1.8035068188143617,4,8,0.6666666666666666,6.315789473684211,8.1647,0,industrial_urban
EVT-20260922-6E16245C,0.0,2,1,9.52,6.97,1.3658536585365852,2,0,0.0,2.0,13.4417,0,unknown
EVT-20260925-AF74C9BB,1.5,29,2,34.68,7.5906896551724135,4.568754826693318,27,2,0.06896551724137931,19.333333333333332,12.6281,0,unknown
EVT-20260922-3AC78CC3,0.0,1,1,2.19,2.19,1.0,0,1,1.0,1.0,155.0513,0,industrial_urban
EVT-20260926-44C7FA30,0.0,2,2,1.55,1.315,1.1787072243346008,0,2,1.0,2.0,155.2104,0,unknown
EVT-20260922-37BE9C32,0.0,1,1,1.18,1.18,1.0,0,1,1.0,1.0,193.2098,0,industrial_urban
EVT-20260926-B2C8682B,0.1,5,2,1.7,1.326,1.282051282051282,0,5,1.0,5.0,193.32760000000002,0,unknown
EVT-20260926-F1244524,0.0,2,2,0.53,0.53,1.0,0,2,1.0,2.0,216.07379999999998,0,unknown
EVT-20260925-36B53EEA,1.0,4,2,1.27,1.1325,1.1214128035320088,0,4,1.0,4.0,265.39279999999997,0,farmland
EVT-20260926-89C80F5C,0.0,2,2,0.45,0.375,1.2,0,2,1.0,2.0,47.0034,0,unknown
EVT-20260926-1522033A,0.0,10,2,3.4,1.8739999999999999,1.8143009605122733,0,10,1.0,10.0,82.558,0,unknown
EVT-20260926-3E1BF2D3,0.0,2,2,0.62,0.585,1.0598290598290598,0,2,1.0,2.0,213.04520000000002,0,unknown
EVT-20260926-6A4E3C3D,0.0,2,2,1.36,1.235,1.1012145748987854,0,2,1.0,2.0,427.534,0,unknown
EVT-20260926-0F309706,1.0,10,2,9.47,4.099000000000001,2.310319590143937,7,3,0.3,10.0,145.2706,0,forest
EVT-20260922-EEB7DB64,1.0,3,2,1.31,1.0366666666666668,1.2636655948553053,0,3,1.0,3.0,311.8146,0,industrial_urban
EVT-20260924-3E712B08,2.0,6,2,1.53,1.1783333333333332,1.2984441301272986,0,6,1.0,3.0,311.7185,0,industrial_urban
EVT-20260926-F444649F,0.0,1,1,1.3,1.3,1.0,0,1,1.0,1.0,0.2079,1,unknown
EVT-20260926-7FA3F7A5,0.0,1,1,1.4,1.4,1.0,0,1,1.0,1.0,0.6814,1,unknown
EVT-20260921-E63F891E,0.0,4,1,1.7,1.56,1.0897435897435896,0,4,1.0,4.0,0.8367,1,industrial_urban
EVT-20260923-675F68BA,3.5,25,3,7.68,2.4004,3.1994667555407434,1,24,0.96,7.142857142857143,0.55,2,industrial_urban
EVT-20260926-0FF2DF30,0.0,2,2,1.18,1.04,1.1346153846153846,0,2,1.0,2.0,3.2238,0,unknown
EVT-20260926-2867B1BA,0.0,2,2,3.12,3.065,1.0179445350734095,0,2,1.0,2.0,152.72729999999999,0,unknown
EVT-20260922-237D03FF,0.0,1,1,2.41,2.41,1.0,0,1,1.0,1.0,0.22469999999999998,1,unknown
EVT-20260924-93B9DDC2,2.0,5,2,2.38,1.2400000000000002,1.919354838709677,0,5,1.0,2.5,0.26630000000000004,2,industrial_urban
EVT-20260921-F5CBA521,5.5,31,2,6.97,3.0629032258064517,2.275618746708794,12,19,0.6129032258064516,5.636363636363637,93.03460000000001,0,industrial_urban
EVT-20260921-9B83C8FC,0.0,1,1,1.17,1.17,1.0,0,1,1.0,1.0,108.01,0,unknown
EVT-20260923-4A2F59A8,3.5,9,2,2.6,2.054444444444444,1.265548945375879,1,8,0.8888888888888888,2.5714285714285716,108.0826,0,industrial_urban
EVT-20260926-27752A38,0.0,1,1,0.76,0.76,1.0,0,1,1.0,1.0,0.0983,14,unknown
EVT-20260926-E5F2736B,0.0,1,1,0.32,0.32,1.0,0,1,1.0,1.0,4.9112,0,unknown
EVT-20260926-70E9A76E,0.0,2,1,0.92,0.8600000000000001,1.069767441860465,0,2,1.0,2.0,57.9213,0,unknown
EVT-20260921-147A8398,2.0,6,2,1.65,1.0366666666666668,1.5916398713826363,0,6,1.0,3.0,398.94829999999996,0,unknown
EVT-20260926-E1B02747,0.0,2,2,1.29,1.155,1.1168831168831168,0,2,1.0,2.0,398.7143,0,unknown
EVT-20260924-C9CF12C2,2.0,8,2,2.2,1.1724999999999999,1.8763326226012798,0,8,1.0,4.0,66.5573,0,industrial_urban
EVT-20260921-5A81623F,2.0,7,2,3.31,2.23,1.484304932735426,0,7,1.0,3.5,190.01229999999998,0,unknown
EVT-20260925-159AA0B2,1.0,3,2,1.82,1.2033333333333334,1.5124653739612188,0,3,1.0,3.0,189.969,0,industrial_urban
EVT-20260921-E3E7D11C,2.0,5,2,2.76,1.964,1.405295315682281,0,5,1.0,2.5,257.43510000000003,0,unknown
EVT-20260925-4BE53ED1,1.0,5,2,1.73,1.1480000000000001,1.5069686411149823,0,5,1.0,5.0,257.4122,0,industrial_urban
EVT-20260926-4FA1EB25,0.0,1,1,0.79,0.79,1.0,0,1,1.0,1.0,22.099400000000003,0,unknown
EVT-20260925-C915E3CE,1.0,4,2,2.15,0.7999999999999999,2.6875,1,3,0.75,4.0,246.55720000000002,0,unknown
EVT-20260921-FCBB4026,2.0,8,2,2.05,1.3312499999999998,1.539906103286385,0,8,1.0,4.0,269.35220000000004,0,unknown
EVT-20260925-686F2003,1.5,8,3,4.58,1.965,2.3307888040712466,3,5,0.625,5.333333333333333,269.3722,0,unknown
EVT-20260926-A62A1508,1.0,5,2,5.08,2.568,1.9781931464174454,2,3,0.6,5.0,1.2646,0,industrial_urban
EVT-20260926-CB2C5BAB,0.5,4,2,1.51,1.4225,1.0615114235500878,1,3,0.75,4.0,9.8217,0,unknown
EVT-20260926-2B9005C0,0.0,1,1,1.51,1.51,1.0,0,1,1.0,1.0,1.2957,0,unknown
EVT-20260926-A0B50847,0.0,1,1,1.08,1.08,1.0,0,1,1.0,1.0,6.2475,0,unknown
EVT-20260926-224741FD,0.0,1,1,0.8,0.8,1.0,0,1,1.0,1.0,12.4196,0,unknown
EVT-20260926-B04A2B26,0.5,5,2,8.43,3.746,2.2504004271222637,2,3,0.6,5.0,0.49369999999999997,1,unknown
EVT-20260926-E517F4FF,0.7,18,3,9.36,3.381111111111111,2.768320736115675,5,13,0.7222222222222222,18.0,0.6822,5,unknown
EVT-20260926-2718DAC7,0.0,2,2,1.34,1.295,1.034749034749035,0,2,1.0,2.0,2.5951,0,unknown
EVT-20260926-71FF7E29,0.0,1,1,1.58,1.58,1.0,0,1,1.0,1.0,6.6155,0,unknown
EVT-20260921-554F264B,1.0,3,2,1.52,1.1266666666666667,1.349112426035503,0,3,1.0,3.0,4.3881000000000006,0,industrial_urban
EVT-20260926-8634C1F3,0.0,3,2,1.33,1.0866666666666667,1.2239263803680982,0,3,1.0,3.0,4.318899999999999,0,unknown
EVT-20260924-8CC9C7FC,0.0,1,1,0.62,0.62,1.0,0,1,1.0,1.0,6.6015,0,industrial_urban
EVT-20260926-36012683,0.0,3,2,0.88,0.6766666666666667,1.3004926108374382,0,3,1.0,3.0,5.784,0,unknown
EVT-20260926-6B5F0316,0.1,4,2,2.52,1.8225000000000002,1.382716049382716,0,4,1.0,4.0,0.4142,1,unknown
EVT-20260926-6DE14E25,0.0,1,1,1.2,1.2,1.0,0,1,1.0,1.0,0.4955,1,unknown
EVT-20260926-FB1951F8,0.0,3,1,1.24,0.9466666666666667,1.3098591549295775,0,3,1.0,3.0,5.9223,0,unknown
EVT-20260926-DB1A700D,0.0,1,1,1.21,1.21,1.0,0,1,1.0,1.0,6.745100000000001,0,unknown
EVT-20260926-4192922D,0.0,1,1,1.24,1.24,1.0,0,1,1.0,1.0,0.679,1,unknown
EVT-20260926-1E2B30C4,0.0,1,1,0.46,0.46,1.0,0,1,1.0,1.0,0.5049,1,unknown
EVT-20260921-61AB0ABF,1.0,6,2,1.52,1.1700000000000002,1.299145299145299,0,6,1.0,6.0,0.648,2,industrial_urban
EVT-20260926-A431EE4E,0.0,1,1,1.31,1.31,1.0,0,1,1.0,1.0,0.8046,2,unknown
EVT-20260923-1F5E8F53,0.0,1,1,1.58,1.58,1.0,0,1,1.0,1.0,1.009,0,industrial_urban
EVT-20260926-749B35A4,0.0,1,1,0.77,0.77,1.0,0,1,1.0,1.0,0.6593,2,unknown
EVT-20260921-3E98C8F0,1.0,3,1,2.54,2.0700000000000003,1.2270531400966183,0,3,1.0,3.0,4.5294,0,unknown
EVT-20260923-36DFA171,3.0,8,2,2.3,1.56875,1.4661354581673305,0,8,1.0,2.6666666666666665,4.4561,0,unknown
EVT-20260922-C7914282,0.0,1,1,1.37,1.37,1.0,0,1,1.0,1.0,41.4658,0,industrial_urban
EVT-20260924-45E0796F,0.0,1,1,0.95,0.95,1.0,0,1,1.0,1.0,41.2785,0,industrial_urban
EVT-20260926-E65FFD18,0.0,2,2,1.12,1.03,1.0873786407766992,0,2,1.0,2.0,41.371,0,unknown
EVT-20260926-7BC65A16,0.0,1,1,2.12,2.12,1.0,0,1,1.0,1.0,8.0051,0,unknown
EVT-20260926-B83242F6,0.0,1,1,0.54,0.54,1.0,0,1,1.0,1.0,5.0352,0,unknown
EVT-20260926-7BFFE6E7,0.0,1,1,0.66,0.66,1.0,0,1,1.0,1.0,10.838799999999999,0,unknown
EVT-20260922-E50901CF,0.0,2,2,0.68,0.635,1.0708661417322836,0,2,1.0,2.0,3.1012,0,industrial_urban
EVT-20260926-3A496C18,0.1,3,2,2.8,1.7333333333333332,1.6153846153846154,0,3,1.0,3.0,3.3811999999999998,0,unknown
EVT-20260926-D475512D,0.0,2,1,1.74,1.62,1.074074074074074,0,2,1.0,2.0,2.0721999999999996,0,unknown
EVT-20260927-7B163CA4,0.0,1,1,2.24,2.24,1.0,1,0,0.0,1.0,474.6735,0,unknown
EVT-20260927-647F2368,0.0,1,1,1.8,1.8,1.0,1,0,0.0,1.0,80.2018,0,unknown
EVT-20260927-37AEBDCE,0.0,2,2,3.72,3.225,1.1534883720930234,2,0,0.0,2.0,102.7586,0,unknown
EVT-20260926-E0FFD6D9,1.0,7,2,89.43,35.674285714285716,2.5068476693897166,7,0,0.0,7.0,68.1037,0,unknown
EVT-20260926-7674150E,1.0,6,2,52.61,21.74333333333333,2.4195922121723137,6,0,0.0,6.0,75.9505,0,unknown
EVT-20260925-46FC7F0A,2.0,25,2,15.06,5.93,2.5396290050590222,25,0,0.0,12.5,56.9541,0,unknown
EVT-20260926-1652259D,1.0,5,2,30.92,11.290000000000001,2.738706820194863,5,0,0.0,5.0,81.531,0,industrial_urban
EVT-20260927-8FB45A68,0.0,2,1,13.93,10.825,1.286836027713626,2,0,0.0,2.0,52.5103,0,unknown
EVT-20260927-0842E63E,0.0,1,1,2.91,2.91,1.0,1,0,0.0,1.0,354.7127,0,unknown
EVT-20260927-49CA2311,0.0,1,1,10.51,10.51,1.0,1,0,0.0,1.0,336.1443,0,unknown
EVT-20260922-EE3F9060,0.0,1,1,7.42,7.42,1.0,1,0,0.0,1.0,336.79429999999996,0,farmland
EVT-20260925-7CED4A4B,0.0,1,1,2.33,2.33,1.0,0,1,1.0,1.0,332.6234,0,farmland
EVT-20260927-B270DA14,0.2,10,3,29.92,10.235000000000001,2.9233023937469467,10,0,0.0,10.0,343.8494,0,unknown
EVT-20260922-9C6AF071,0.0,1,1,5.9,5.9,1.0,1,0,0.0,1.0,350.97720000000004,0,unknown
EVT-20260927-79C546AF,0.0,1,1,4.25,4.25,1.0,1,0,0.0,1.0,354.60020000000003,0,unknown
EVT-20260927-4093D2A4,0.0,1,1,8.99,8.99,1.0,1,0,0.0,1.0,327.27509999999995,0,unknown
EVT-20260923-3BF36A16,0.0,1,1,9.56,9.56,1.0,1,0,0.0,1.0,338.2646,0,farmland
EVT-20260927-15399025,0.0,1,1,3.96,3.96,1.0,1,0,0.0,1.0,340.2185,0,unknown
EVT-20260925-C70C9D3A,1.9,4,2,7.43,5.994999999999999,1.2393661384487074,4,0,0.0,2.1052631578947367,330.73429999999996,0,unknown
EVT-20260927-4CBE319E,0.0,2,2,5.06,4.8149999999999995,1.0508826583592938,2,0,0.0,2.0,299.12579999999997,0,unknown
EVT-20260922-A6A97D59,0.0,1,1,6.54,6.54,1.0,1,0,0.0,1.0,318.5917,0,unknown
EVT-20260925-48C5B696,1.5,16,2,6.27,3.988125,1.5721673718852842,15,1,0.0625,10.666666666666666,316.85720000000003,0,unknown
EVT-20260927-A702A77A,0.0,2,2,10.8,9.15,1.180327868852459,2,0,0.0,2.0,321.74670000000003,0,unknown
EVT-20260922-5BC4E928,0.0,1,1,7.79,7.79,1.0,1,0,0.0,1.0,286.84020000000004,0,forest
EVT-20260927-D336EC2C,0.0,5,2,9.15,6.642,1.3775971093044264,5,0,0.0,5.0,282.8765,0,unknown
EVT-20260927-4F2537F3,0.0,1,1,2.63,2.63,1.0,1,0,0.0,1.0,322.32120000000003,0,unknown
EVT-20260927-10CB7EFE,0.0,1,1,5.9,5.9,1.0,1,0,0.0,1.0,262.8973,0,unknown
EVT-20260926-1B0299DC,1.0,10,2,11.26,4.303999999999999,2.6161710037174726,10,0,0.0,10.0,279.15979999999996,0,unknown
EVT-20260927-5399C0F6,0.0,1,1,4.76,4.76,1.0,1,0,0.0,1.0,314.528,0,unknown
EVT-20260922-63CC3B59,0.0,1,1,2.11,2.11,1.0,1,0,0.0,1.0,290.39340000000004,0,unknown
EVT-20260927-562CAE4F,0.0,4,2,8.84,4.154999999999999,2.127557160048135,4,0,0.0,4.0,289.97970000000004,0,unknown
EVT-20260923-4397A23A,0.0,1,1,4.49,4.49,1.0,1,0,0.0,1.0,300.8432,0,unknown
EVT-20260927-A215C868,0.0,1,1,4.37,4.37,1.0,1,0,0.0,1.0,300.2439,0,unknown
EVT-20260927-14A59F87,0.0,1,1,2.19,2.19,1.0,1,0,0.0,1.0,314.42220000000003,0,unknown
EVT-20260927-B93D9EE2,0.0,1,1,2.56,2.56,1.0,1,0,0.0,1.0,278.3128,0,unknown
EVT-20260922-11A773EF,1.0,11,3,30.01,11.661818181818182,2.573355160586218,11,0,0.0,11.0,242.6502,0,unknown
EVT-20260927-D3FBA7AB,0.3,23,3,25.71,9.278260869565216,2.770993439550141,23,0,0.0,23.0,245.808,0,unknown
EVT-20260923-1B72A97B,0.0,2,1,4.58,4.58,1.0,2,0,0.0,2.0,223.5299,0,unknown
EVT-20260927-D92F734B,0.0,2,1,5.73,5.33,1.0750469043151971,2,0,0.0,2.0,222.578,0,unknown
EVT-20260927-BF86C27E,0.0,1,1,2.63,2.63,1.0,1,0,0.0,1.0,235.1798,0,unknown
EVT-20260927-5570EFE6,0.0,2,2,2.97,2.85,1.0421052631578949,2,0,0.0,2.0,161.054,0,unknown
EVT-20260927-41E45B27,0.0,4,2,7.71,5.93,1.300168634064081,4,0,0.0,4.0,198.9109,0,unknown
EVT-20260927-6B6F50C3,0.0,2,1,5.24,4.9399999999999995,1.0607287449392715,2,0,0.0,2.0,191.0251,0,unknown
EVT-20260927-FE52BC9E,0.0,2,2,5.06,4.525,1.1182320441988949,2,0,0.0,2.0,148.618,0,unknown
EVT-20260927-DBCAA303,0.0,3,2,8.67,6.613333333333333,1.3109879032258065,3,0,0.0,3.0,153.4685,0,unknown
EVT-20260927-BF5A99BC,0.0,1,1,9.59,9.59,1.0,1,0,0.0,1.0,252.0178,0,unknown
EVT-20260922-9A1EB596,0.0,1,1,4.65,4.65,1.0,1,0,0.0,1.0,145.5579,0,farmland
EVT-20260926-9D9ED8A2,1.0,5,2,23.2,9.483999999999998,2.4462252214255593,5,0,0.0,5.0,147.1675,0,unknown
EVT-20260927-5550FD16,0.0,1,1,2.73,2.73,1.0,1,0,0.0,1.0,141.1616,0,unknown
EVT-20260922-EAAE5E46,1.0,18,3,11.48,5.421666666666666,2.117430064555795,18,0,0.0,18.0,211.0514,0,unknown
EVT-20260925-5B77C6E8,2.1,29,3,27.09,5.783448275862068,4.684056761268782,29,0,0.0,13.809523809523808,212.559,0,unknown
EVT-20260923-DBCB3817,0.0,1,1,3.55,3.55,1.0,1,0,0.0,1.0,248.0383,0,forest
EVT-20260926-1CF8EC1E,1.0,3,2,4.54,3.7533333333333334,1.2095914742451155,3,0,0.0,3.0,246.0431,0,farmland
EVT-20260922-BABF8470,0.0,1,1,5.12,5.12,1.0,1,0,0.0,1.0,136.9341,0,farmland
EVT-20260926-6066BCBF,1.0,8,2,12.11,5.7775,2.096062310688014,8,0,0.0,8.0,136.8858,0,unknown
EVT-20260922-23522711,0.0,3,2,12.49,6.386666666666667,1.9556367432150312,3,0,0.0,3.0,170.6851,0,unknown
EVT-20260927-0F48C8D1,0.0,1,1,8.07,8.07,1.0,1,0,0.0,1.0,167.8501,0,unknown
EVT-20260927-728FD751,0.0,3,2,3.56,3.1333333333333333,1.1361702127659574,3,0,0.0,3.0,3.2534,0,unknown
EVT-20260922-9E342886,1.0,3,2,7.72,5.806666666666666,1.3295063145809416,3,0,0.0,3.0,177.0815,0,unknown
EVT-20260927-9AA11063,0.0,1,1,5.49,5.49,1.0,1,0,0.0,1.0,175.3135,0,unknown
EVT-20260927-1FC22243,0.0,3,2,10.24,5.433333333333334,1.8846625766871166,3,0,0.0,3.0,150.6718,0,unknown
EVT-20260926-8F6EC0FC,1.0,9,2,5.76,3.3455555555555554,1.7216871471272004,9,0,0.0,9.0,139.33960000000002,0,unknown
EVT-20260927-1D3451CE,0.0,1,1,7.54,7.54,1.0,1,0,0.0,1.0,181.7255,0,unknown
EVT-20260927-9824279D,0.0,4,2,8.29,5.6575,1.4653115333627926,4,0,0.0,4.0,157.1802,0,unknown
EVT-20260922-6E1C9B2B,0.0,1,1,1.94,1.94,1.0,1,0,0.0,1.0,175.6962,0,unknown
EVT-20260926-8D52E88F,1.0,2,2,5.36,5.145,1.0417881438289602,2,0,0.0,2.0,175.9723,0,unknown
EVT-20260927-7F898ADA,0.0,2,1,9.21,6.215000000000001,1.48189863234111,2,0,0.0,2.0,156.9607,0,unknown
EVT-20260927-1FC02D30,0.0,1,1,3.38,3.38,1.0,1,0,0.0,1.0,182.78889999999998,0,unknown
EVT-20260922-019DF902,1.0,2,2,2.76,2.105,1.3111638954869358,2,0,0.0,2.0,226.5478,0,unknown
EVT-20260926-E49361E6,1.0,6,3,17.17,5.783333333333334,2.9688760806916425,6,0,0.0,6.0,222.2517,0,unknown
EVT-20260923-3A71F454,0.0,2,1,16.16,11.67,1.3847472150814053,2,0,0.0,2.0,145.2166,0,farmland
EVT-20260926-AFFE43B8,1.0,3,1,7.91,5.28,1.4981060606060606,3,0,0.0,3.0,147.66129999999998,0,unknown
EVT-20260927-26204886,0.0,3,2,7.53,5.7,1.3210526315789475,3,0,0.0,3.0,198.49120000000002,0,unknown
EVT-20260927-471A0931,0.0,2,1,9.86,6.515,1.513430544896393,2,0,0.0,2.0,222.93570000000003,0,unknown
EVT-20260927-0C4ED07F,0.0,1,1,2.92,2.92,1.0,1,0,0.0,1.0,151.976,0,unknown
EVT-20260922-553FAFFE,0.0,2,2,4.59,4.03,1.1389578163771712,2,0,0.0,2.0,113.0672,0,unknown
EVT-20260927-4AF058DC,0.0,5,2,14.7,9.022,1.6293504766127243,5,0,0.0,5.0,110.11510000000001,0,unknown
EVT-20260922-7A3CCDAE,0.0,1,1,6.91,6.91,1.0,1,0,0.0,1.0,163.5807,0,farmland
EVT-20260926-8FF24DAF,1.0,5,2,5.85,4.117999999999999,1.420592520641088,5,0,0.0,5.0,162.90179999999998,0,unknown
EVT-20260927-89E68629,0.0,1,1,5.75,5.75,1.0,1,0,0.0,1.0,167.393,0,unknown
EVT-20260922-DB5E2938,0.0,2,1,7.26,5.355,1.3557422969187674,2,0,0.0,2.0,121.5914,0,farmland
EVT-20260926-577C7264,1.0,11,2,10.38,3.62,2.8674033149171274,11,0,0.0,11.0,122.0438,0,unknown
EVT-20260922-D438167F,1.0,4,2,8.13,5.2175,1.5582175371346432,4,0,0.0,4.0,135.4777,0,unknown
EVT-20260927-BE09E9BA,0.0,3,1,9.47,7.550000000000001,1.2543046357615895,3,0,0.0,3.0,130.7484,0,unknown
EVT-20260927-2BD3DB4D,0.0,1,1,4.69,4.69,1.0,1,0,0.0,1.0,186.701,0,unknown
EVT-20260927-25C60E4B,0.0,2,2,10.2,7.595,1.3429888084265964,2,0,0.0,2.0,158.0301,0,unknown
EVT-20260927-90FDCBE3,0.0,2,2,25.41,23.505000000000003,1.0810465858328013,2,0,0.0,2.0,7.9126,0,unknown
EVT-20260926-CA02746F,1.0,3,2,7.21,6.406666666666667,1.1253902185223725,3,0,0.0,3.0,131.57389999999998,0,unknown
EVT-20260926-3AEFD467,1.0,6,2,18.19,6.251666666666666,2.9096241002399363,6,0,0.0,6.0,102.254,0,unknown
EVT-20260927-7651B058,0.0,2,1,7.58,5.8100000000000005,1.3046471600688467,2,0,0.0,2.0,85.78960000000001,0,unknown
EVT-20260927-4DC93137,0.0,3,2,12.62,8.35,1.511377245508982,3,0,0.0,3.0,5.2972,0,unknown
EVT-20260927-29FC2AFF,0.0,1,1,2.96,2.96,1.0,1,0,0.0,1.0,2.9629000000000003,0,unknown
EVT-20260927-5C45A5C9,0.0,1,1,2.17,2.17,1.0,1,0,0.0,1.0,15.300600000000001,0,unknown
EVT-20260926-59B70A64,1.0,5,2,8.87,6.756,1.3129070455891059,5,0,0.0,5.0,123.0793,0,unknown
EVT-20260922-78FE1F2E,0.0,6,2,12.79,6.753333333333333,1.8938795656465943,6,0,0.0,6.0,155.0299,0,unknown
EVT-20260925-A06EE2B8,0.0,3,1,8.71,6.333333333333333,1.375263157894737,3,0,0.0,3.0,152.3306,0,unknown
EVT-20260926-2AD77ABB,1.0,18,2,12.2,4.6466666666666665,2.625538020086083,18,0,0.0,18.0,151.7201,0,unknown
EVT-20260927-A0B5C8DC,0.0,2,1,5.59,5.37,1.0409683426443201,2,0,0.0,2.0,5.0773,0,unknown
EVT-20260925-4FDA8DC0,0.0,1,1,8.08,8.08,1.0,1,0,0.0,1.0,75.2437,0,unknown
EVT-20260927-0AAA5322,0.0,5,2,25.79,8.202000000000002,3.144355035357229,5,0,0.0,5.0,76.4423,0,unknown
EVT-20260926-135ED89F,1.0,7,1,9.13,4.945714285714287,1.8460427498555747,7,0,0.0,7.0,96.1528,0,unknown
EVT-20260927-77C3EE05,0.0,3,2,8.5,6.303333333333334,1.348492860920148,3,0,0.0,3.0,7.8703,0,unknown
EVT-20260927-739D2E37,0.0,1,1,11.49,11.49,1.0,1,0,0.0,1.0,10.6999,0,unknown
EVT-20260927-929099FD,0.0,1,1,8.49,8.49,1.0,1,0,0.0,1.0,152.36610000000002,0,unknown
EVT-20260926-EDE8F7B7,1.0,4,1,7.22,5.2325,1.3798375537505971,4,0,0.0,4.0,94.89410000000001,0,unknown
EVT-20260922-77AFEC12,0.0,1,1,6.17,6.17,1.0,1,0,0.0,1.0,109.094,0,farmland
EVT-20260925-F5221B94,0.0,2,1,3.89,3.6900000000000004,1.05420054200542,2,0,0.0,2.0,102.3615,0,farmland
EVT-20260926-5DF1F2C8,1.0,10,2,12.6,7.215000000000001,1.7463617463617462,10,0,0.0,10.0,99.2911,0,unknown
EVT-20260922-E3EB92BC,0.0,3,1,4.42,3.9233333333333333,1.1265930331350893,3,0,0.0,3.0,131.45270000000002,0,forest
EVT-20260926-1609B572,1.0,4,2,7.86,4.74,1.6582278481012658,4,0,0.0,4.0,132.438,0,unknown
EVT-20260927-F7FC96A2,0.0,2,2,9.84,7.654999999999999,1.285434356629654,2,0,0.0,2.0,16.0244,0,unknown
EVT-20260927-7AB4EA35,0.0,3,2,5.1,3.9800000000000004,1.281407035175879,3,0,0.0,3.0,15.7627,0,unknown
EVT-20260927-BDEB4FAD,0.0,2,2,11.61,9.285,1.2504038772213246,2,0,0.0,2.0,4.4532,0,unknown
EVT-20260922-8BDCB519,1.0,4,1,3.42,2.9325,1.166240409207161,4,0,0.0,4.0,15.804799999999998,0,unknown
EVT-20260925-25871990,1.9,6,3,15.11,7.3,2.06986301369863,6,0,0.0,3.1578947368421053,17.528,0,unknown
EVT-20260926-B7CD6CE4,1.0,2,1,3.49,3.4450000000000003,1.0130624092888243,2,0,0.0,2.0,31.2953,0,unknown
EVT-20260922-005FD7D6,2.0,7,2,7.9,3.8714285714285714,2.040590405904059,7,0,0.0,3.5,14.119200000000001,0,unknown
EVT-20260926-6CB61C57,1.0,10,2,8.95,4.616999999999999,1.9384881957981375,10,0,0.0,10.0,13.485899999999999,0,unknown
EVT-20260927-0FF3D9B3,0.0,1,1,7.91,7.91,1.0,1,0,0.0,1.0,8.3749,0,unknown
EVT-20260927-6C6FFBDE,0.0,1,1,4.11,4.11,1.0,1,0,0.0,1.0,10.105799999999999,0,unknown
EVT-20260927-142825CB,0.0,1,1,4.11,4.11,1.0,1,0,0.0,1.0,14.2905,0,unknown
EVT-20260927-BE2E9536,0.0,1,1,4.33,4.33,1.0,1,0,0.0,1.0,14.9145,0,unknown
EVT-20260927-B446EDDC,0.0,2,2,4.43,4.355,1.0172215843857633,2,0,0.0,2.0,11.127799999999999,0,unknown
EVT-20260927-76E6A99F,0.0,1,1,4.44,4.44,1.0,1,0,0.0,1.0,10.4964,0,unknown
EVT-20260927-F3130551,0.0,2,1,2.8,2.5999999999999996,1.076923076923077,2,0,0.0,2.0,12.731200000000001,0,unknown
EVT-20260927-A77D5265,0.0,1,1,3.27,3.27,1.0,1,0,0.0,1.0,8.527899999999999,0,unknown
EVT-20260927-FC8D5174,0.0,1,1,1.13,1.13,1.0,1,0,0.0,1.0,5.4725,0,unknown
EVT-20260927-F15D6C04,0.0,1,1,8.58,8.58,1.0,1,0,0.0,1.0,13.1535,0,unknown
EVT-20260926-C976A219,0.5,3,2,6.01,2.523333333333333,2.381770145310436,1,2,0.6666666666666666,3.0,0.5638,5,unknown
EVT-20260927-7F1BAB01,0.0,1,1,3.2,3.2,1.0,1,0,0.0,1.0,1.9202000000000001,0,unknown
EVT-20260927-D8EDD68C,0.0,1,1,3.08,3.08,1.0,1,0,0.0,1.0,3.7836999999999996,0,unknown
EVT-20260927-37FA0899,0.0,1,1,2.9,2.9,1.0,1,0,0.0,1.0,18.848200000000002,0,unknown
EVT-20260927-3BCF53A2,0.0,1,1,7.42,7.42,1.0,1,0,0.0,1.0,12.3714,0,unknown
EVT-20260927-DF700AA9,0.0,2,2,6.02,5.369999999999999,1.1210428305400373,2,0,0.0,2.0,5.2675,0,unknown
EVT-20260927-AE988059,0.0,1,1,2.83,2.83,1.0,1,0,0.0,1.0,7.7379,0,unknown
EVT-20260927-C49EE758,0.0,1,1,3.84,3.84,1.0,1,0,0.0,1.0,10.210600000000001,0,unknown
EVT-20260927-F924265F,0.0,2,2,18.9,12.334999999999999,1.532225374949331,2,0,0.0,2.0,8.2616,0,unknown
EVT-20260927-486EEC04,0.0,2,2,3.66,3.3600000000000003,1.0892857142857142,2,0,0.0,2.0,2.5366999999999997,0,unknown
EVT-20260927-9CCFB412,0.0,1,1,2.9,2.9,1.0,1,0,0.0,1.0,12.9939,0,unknown
EVT-20260927-FF1B7D29,0.0,2,2,7.5,6.904999999999999,1.0861694424330197,2,0,0.0,2.0,16.7345,0,unknown
EVT-20260927-C12B6173,0.0,1,1,3.69,3.69,1.0,1,0,0.0,1.0,2.5538000000000003,0,unknown
EVT-20260927-B2A9963D,0.0,1,1,2.9,2.9,1.0,1,0,0.0,1.0,11.8485,0,unknown
EVT-20260927-4E5C0CA9,0.0,1,1,1.61,1.61,1.0,1,0,0.0,1.0,6.4619,0,unknown
EVT-20260927-AA60FD74,0.0,3,2,3.99,2.8233333333333337,1.4132231404958677,3,0,0.0,3.0,7.796399999999999,0,unknown
EVT-20260927-72A1B093,0.0,1,1,2.3,2.3,1.0,1,0,0.0,1.0,13.940100000000001,0,unknown
EVT-20260927-8AEA991B,0.0,1,1,1.89,1.89,1.0,1,0,0.0,1.0,6.5672,0,unknown
EVT-20260927-1F00DAA6,0.0,1,1,1.41,1.41,1.0,1,0,0.0,1.0,15.681,0,unknown
EVT-20260927-103FC3EE,0.0,2,2,3.65,3.63,1.0055096418732783,2,0,0.0,2.0,11.344100000000001,0,unknown
EVT-20260927-D25C3652,0.0,1,1,2.3,2.3,1.0,1,0,0.0,1.0,11.4921,0,unknown
EVT-20260927-2E43F3EC,0.0,1,1,2.13,2.13,1.0,1,0,0.0,1.0,16.772599999999997,0,unknown
EVT-20260927-3E5B20B5,0.0,2,2,5.63,4.84,1.1632231404958677,2,0,0.0,2.0,22.3581,0,unknown
EVT-20260927-53C827F2,0.0,2,2,5.47,3.585,1.5258019525801951,2,0,0.0,2.0,0.7377999999999999,6,unknown
EVT-20260927-CB5FDB85,0.0,1,1,2.57,2.57,1.0,1,0,0.0,1.0,8.7608,0,unknown
EVT-20260926-487CA3E7,0.5,5,2,4.18,2.714,1.5401621223286661,3,2,0.4,5.0,0.9282999999999999,1,unknown
EVT-20260927-051ED194,0.0,1,1,4.81,4.81,1.0,1,0,0.0,1.0,1.2879,0,unknown
EVT-20260927-FAC69C10,0.0,2,2,6.37,4.18,1.5239234449760768,2,0,0.0,2.0,18.5319,0,unknown
EVT-20260927-24C92775,0.3,6,3,13.35,8.021666666666667,1.6642426760856015,6,0,0.0,6.0,1.9552,0,unknown
EVT-20260927-1D1E4C0C,0.2,5,2,7.73,5.716,1.3523442967109867,5,0,0.0,5.0,1.6575,0,unknown
EVT-20260922-7DC23BD4,0.0,1,1,2.45,2.45,1.0,0,1,1.0,1.0,2.995,0,industrial_urban
EVT-20260926-AA1B0A44,0.8,7,3,17.92,9.357142857142858,1.915114503816794,5,2,0.2857142857142857,7.0,3.3649,0,unknown
EVT-20260921-F09234F7,5.8,96,3,23.05,5.461458333333333,4.22048445546443,25,71,0.7395833333333334,16.551724137931036,0.6956,1,unknown
EVT-20260923-EA601570,0.5,4,2,7.04,3.285,2.1430745814307457,2,2,0.5,4.0,1.3389000000000002,0,industrial_urban
EVT-20260927-1143CEB0,0.3,8,3,8.68,6.20875,1.398026978055164,8,0,0.0,8.0,1.5796,0,unknown
EVT-20260922-136AF7A4,0.0,1,1,8.88,8.88,1.0,1,0,0.0,1.0,0.8523,1,industrial_urban
EVT-20260923-9F817DDD,0.0,2,1,11.6,9.535,1.2165705296276874,2,0,0.0,2.0,0.9726,1,industrial_urban
EVT-20260926-C69F6805,0.5,4,2,5.56,3.165,1.7567140600315954,3,1,0.25,4.0,5.0036000000000005,0,unknown
EVT-20260922-53B36EB6,1.5,9,2,7.42,3.0700000000000003,2.4169381107491854,3,6,0.6666666666666666,6.0,18.331599999999998,0,unknown
EVT-20260926-4990ECC6,0.6,15,3,10.45,3.419333333333334,3.0561512965490345,6,9,0.6,15.0,18.6021,0,unknown
EVT-20260922-E46FDC85,0.0,1,1,9.4,9.4,1.0,1,0,0.0,1.0,1.4630999999999998,0,industrial_urban
EVT-20260927-C2920532,0.0,2,1,4.82,4.335,1.1118800461361016,2,0,0.0,2.0,1.4842,0,unknown
EVT-20260922-25950375,1.0,4,1,3.76,2.8949999999999996,1.298791018998273,4,0,0.0,4.0,11.6995,0,unknown
EVT-20260927-49121F6B,0.0,3,2,3.76,2.643333333333333,1.4224464060529636,3,0,0.0,3.0,8.126,0,unknown
EVT-20260927-D2C9C287,0.0,3,2,2.37,1.8166666666666667,1.3045871559633029,3,0,0.0,3.0,7.8148,0,unknown
EVT-20260927-7E3036E3,0.0,1,1,3.23,3.23,1.0,1,0,0.0,1.0,0.2511,6,unknown
EVT-20260922-E912A711,0.0,4,1,1.17,1.0475,1.116945107398568,0,4,1.0,4.0,0.9006000000000001,1,industrial_urban
EVT-20260925-0703CBCB,0.0,1,1,1.14,1.14,1.0,0,1,1.0,1.0,1.529,0,industrial_urban
EVT-20260927-8CE04DAF,0.3,4,3,15.24,7.8075,1.951969260326609,3,1,0.25,4.0,0.7405,1,unknown
EVT-20260926-8CBD9363,1.0,2,1,3.29,2.415,1.3623188405797102,2,0,0.0,2.0,11.9195,0,unknown
EVT-20260927-7E6D8C16,0.0,1,1,2.25,2.25,1.0,1,0,0.0,1.0,41.58,0,unknown
EVT-20260922-2F4735DC,1.0,5,1,3.47,2.4560000000000004,1.4128664495114005,5,0,0.0,5.0,14.885,0,unknown
EVT-20260926-F160A528,1.0,3,2,3.24,2.2,1.4727272727272727,3,0,0.0,3.0,14.562899999999999,0,unknown
EVT-20260927-A236ECA9,0.0,1,1,3.2,3.2,1.0,1,0,0.0,1.0,22.7868,0,unknown
EVT-20260927-543D9E42,0.0,1,1,1.45,1.45,1.0,1,0,0.0,1.0,31.2163,0,unknown
EVT-20260927-972BEFCA,0.0,1,1,2.38,2.38,1.0,1,0,0.0,1.0,26.6013,0,unknown
EVT-20260927-45B0D82D,0.0,4,2,3.25,2.1875,1.4857142857142858,4,0,0.0,4.0,4.9205,0,unknown
EVT-20260927-9087794E,0.0,1,1,1.96,1.96,1.0,1,0,0.0,1.0,14.5359,0,unknown
EVT-20260927-E5FE82BD,0.0,1,1,5.26,5.26,1.0,1,0,0.0,1.0,11.5435,0,unknown
EVT-20260927-08A34E1B,0.0,1,1,1.92,1.92,1.0,1,0,0.0,1.0,2.7303,0,unknown
EVT-20260927-F8D5A999,0.0,1,1,4.71,4.71,1.0,1,0,0.0,1.0,6.5237,0,unknown
EVT-20260927-EEF611A6,0.0,1,1,2.35,2.35,1.0,1,0,0.0,1.0,17.2509,0,unknown
EVT-20260923-37318C83,0.0,1,1,1.53,1.53,1.0,1,0,0.0,1.0,11.154399999999999,0,industrial_urban
EVT-20260927-249C753D,0.0,1,1,1.0,1.0,1.0,1,0,0.0,1.0,10.990200000000002,0,unknown
EVT-20260927-66EA3CA2,0.0,1,1,2.41,2.41,1.0,1,0,0.0,1.0,8.443200000000001,0,unknown
EVT-20260927-084319E7,0.0,3,2,6.1,5.760000000000001,1.0590277777777777,3,0,0.0,3.0,0.3195,6,unknown
EVT-20260927-4CC1BBFE,0.0,1,1,1.66,1.66,1.0,1,0,0.0,1.0,96.02669999999999,0,unknown
EVT-20260927-07BDD728,0.0,1,1,2.96,2.96,1.0,1,0,0.0,1.0,7.9666999999999994,0,unknown
EVT-20260923-18D17C15,0.0,4,1,2.45,2.015,1.215880893300248,4,0,0.0,4.0,18.5673,0,unknown
EVT-20260927-5CBDDA1D,0.0,9,1,8.23,5.300000000000001,1.552830188679245,9,0,0.0,9.0,18.605,0,unknown
EVT-20260927-5342821B,0.0,1,1,3.84,3.84,1.0,1,0,0.0,1.0,101.93780000000001,0,unknown
EVT-20260923-F1B13ED9,0.0,1,1,4.55,4.55,1.0,1,0,0.0,1.0,8.7735,0,industrial_urban
EVT-20260927-A15D5EE8,0.0,3,1,5.03,4.830000000000001,1.041407867494824,3,0,0.0,3.0,8.777299999999999,0,unknown
EVT-20260923-6F8BDFA9,0.0,4,1,11.09,7.425,1.4936026936026936,4,0,0.0,4.0,11.149899999999999,0,industrial_urban
EVT-20260927-A13873C3,0.0,3,1,16.15,16.133333333333333,1.0010330578512396,3,0,0.0,3.0,11.295200000000001,0,unknown
EVT-20260923-C907BD2E,0.0,3,1,4.92,4.086666666666667,1.2039151712887437,3,0,0.0,3.0,0.18380000000000002,1,industrial_urban
EVT-20260927-E7EC5706,0.0,3,1,4.33,3.39,1.2772861356932153,3,0,0.0,3.0,0.2393,1,unknown
EVT-20260922-A31AC430,0.0,1,1,2.63,2.63,1.0,1,0,0.0,1.0,3.802,0,unknown
EVT-20260924-C6F3D92A,0.0,2,1,15.27,13.719999999999999,1.1129737609329446,2,0,0.0,2.0,5.1135,0,forest
EVT-20260927-2F553ED0,0.0,1,1,2.64,2.64,1.0,1,0,0.0,1.0,4.1881,0,unknown
EVT-20260925-F8E99839,0.0,1,1,3.7,3.7,1.0,1,0,0.0,1.0,25.7806,0,industrial_urban
EVT-20260927-930AAD08,0.0,6,2,37.26,15.466666666666669,2.409051724137931,6,0,0.0,6.0,25.9009,0,unknown
EVT-20260927-5603E205,0.0,1,1,6.44,6.44,1.0,1,0,0.0,1.0,50.116699999999994,0,unknown
EVT-20260925-54916E8B,0.0,2,1,6.47,6.26,1.0335463258785942,2,0,0.0,2.0,36.717800000000004,0,unknown
EVT-20260927-0D28850A,0.0,2,1,3.17,3.115,1.0176565008025682,2,0,0.0,2.0,32.6415,0,unknown
EVT-20260927-3C8C2826,0.0,3,2,6.39,4.956666666666667,1.2891728312037658,3,0,0.0,3.0,41.4193,0,unknown
EVT-20260927-9FD4A26E,0.0,1,1,1.44,1.44,1.0,1,0,0.0,1.0,22.6943,0,unknown
EVT-20260927-DD4FAE72,0.0,2,2,2.41,2.295,1.0501089324618738,2,0,0.0,2.0,293.3595,0,unknown
EVT-20260925-2C1FFEFD,0.0,1,1,6.34,6.34,1.0,1,0,0.0,1.0,28.008200000000002,0,unknown
EVT-20260927-40001CFA,0.0,1,1,6.69,6.69,1.0,1,0,0.0,1.0,29.8364,0,unknown
EVT-20260922-168B60A8,0.0,5,2,4.6,4.04,1.1386138613861385,5,0,0.0,5.0,37.1712,0,industrial_urban
EVT-20260924-E8AB5CEB,0.0,3,2,3.71,3.2866666666666666,1.1288032454361054,3,0,0.0,3.0,35.9396,0,unknown
EVT-20260925-BD8FB593,2.0,7,2,20.22,10.121428571428572,1.9977417078334507,7,0,0.0,3.5,40.5854,0,industrial_urban
EVT-20260927-41F32131,0.0,1,1,2.81,2.81,1.0,1,0,0.0,1.0,76.75619999999999,0,unknown
EVT-20260927-34F0EE8E,0.0,1,1,3.74,3.74,1.0,1,0,0.0,1.0,31.0453,0,unknown
EVT-20260923-A0774ECB,0.0,1,1,1.37,1.37,1.0,1,0,0.0,1.0,48.188199999999995,0,industrial_urban
EVT-20260927-BAE1E072,0.0,9,1,5.27,2.882222222222222,1.8284502698535081,9,0,0.0,9.0,50.018800000000006,0,unknown
EVT-20260926-73C2D186,1.0,2,1,7.05,4.795,1.470281543274244,2,0,0.0,2.0,20.987099999999998,0,unknown
EVT-20260927-ED8D05A2,0.0,1,1,3.1,3.1,1.0,1,0,0.0,1.0,31.710900000000002,0,unknown
EVT-20260927-73EA35AA,0.0,1,1,3.33,3.33,1.0,1,0,0.0,1.0,8.5042,0,unknown
EVT-20260927-271CEF8C,0.0,1,1,6.94,6.94,1.0,1,0,0.0,1.0,22.3153,0,unknown
EVT-20260922-7F4F02D8,1.0,4,2,6.51,3.48,1.8706896551724137,4,0,0.0,4.0,12.953700000000001,0,industrial_urban
EVT-20260924-317E823C,1.0,3,1,11.1,8.793333333333333,1.262319939347991,3,0,0.0,3.0,8.4344,0,industrial_urban
EVT-20260927-F53CF07E,0.0,1,1,4.43,4.43,1.0,1,0,0.0,1.0,12.008,0,unknown
EVT-20260922-9156CC8E,0.0,2,2,4.53,3.64,1.2445054945054945,2,0,0.0,2.0,2.6674,0,forest
EVT-20260927-ABAF3379,0.0,1,1,3.27,3.27,1.0,1,0,0.0,1.0,2.1439,0,unknown
EVT-20260927-69D5FF25,0.0,1,1,2.74,2.74,1.0,1,0,0.0,1.0,7.2923,0,unknown
EVT-20260927-EFD222E3,0.0,1,1,2.4,2.4,1.0,1,0,0.0,1.0,4.793399999999999,0,unknown
EVT-20260927-340EF5DC,0.0,1,1,1.95,1.95,1.0,1,0,0.0,1.0,2.1664,0,unknown
EVT-20260927-F262D021,0.0,1,1,4.03,4.03,1.0,1,0,0.0,1.0,36.8717,0,unknown
EVT-20260927-9CA1BE5E,0.0,1,1,4.53,4.53,1.0,1,0,0.0,1.0,111.87339999999999,0,unknown
EVT-20260923-49635221,0.0,2,1,2.12,2.0300000000000002,1.044334975369458,2,0,0.0,2.0,48.8281,0,unknown
EVT-20260927-BD4269C0,0.0,9,1,4.95,3.15,1.5714285714285716,9,0,0.0,9.0,50.1615,0,unknown
EVT-20260927-7C92BFE4,0.0,2,2,8.47,7.45,1.1369127516778523,2,0,0.0,2.0,9.1433,0,unknown
EVT-20260922-83DF29A1,1.0,2,2,3.42,3.275,1.0442748091603054,2,0,0.0,2.0,3.0456999999999996,0,unknown
EVT-20260925-CD30B8F2,2.0,5,3,16.53,7.825999999999999,2.11219013544595,5,0,0.0,2.5,0.18059999999999998,2,unknown
EVT-20260927-B7F4CB95,0.0,1,1,8.66,8.66,1.0,1,0,0.0,1.0,20.0714,0,unknown
EVT-20260927-AB269093,0.0,1,1,4.2,4.2,1.0,1,0,0.0,1.0,57.218,0,unknown
EVT-20260926-F88EE82D,1.0,3,2,6.34,4.386666666666667,1.4452887537993921,3,0,0.0,3.0,111.0557,0,unknown
EVT-20260923-489B63EB,0.0,1,1,5.06,5.06,1.0,1,0,0.0,1.0,41.314099999999996,0,unknown
EVT-20260927-845DCBDC,0.0,3,2,7.65,5.68,1.346830985915493,3,0,0.0,3.0,42.0457,0,unknown
EVT-20260922-EF0AC719,2.0,5,2,5.08,3.3120000000000003,1.5338164251207729,5,0,0.0,2.5,12.6051,0,unknown
EVT-20260925-CCB2474B,2.0,12,3,9.71,3.509166666666667,2.7670387081453334,12,0,0.0,6.0,6.015899999999999,0,unknown
EVT-20260926-C0211FC8,1.0,10,2,13.03,7.346000000000001,1.7737544241764223,10,0,0.0,10.0,95.5698,0,unknown
EVT-20260923-CE999B8C,0.0,2,1,3.69,3.69,1.0,2,0,0.0,2.0,74.6164,0,industrial_urban
EVT-20260927-1A88C958,0.0,1,1,4.63,4.63,1.0,1,0,0.0,1.0,74.66810000000001,0,unknown
EVT-20260927-C770AD03,0.0,1,1,2.64,2.64,1.0,1,0,0.0,1.0,46.067,0,unknown
EVT-20260924-3247340A,0.0,1,1,2.25,2.25,1.0,1,0,0.0,1.0,215.7515,0,industrial_urban
EVT-20260927-0A9A2644,0.0,1,1,3.15,3.15,1.0,1,0,0.0,1.0,214.2989,0,unknown
EVT-20260927-D2474EDE,0.0,1,1,6.85,6.85,1.0,1,0,0.0,1.0,18.269099999999998,0,unknown
EVT-20260927-EC8A2672,0.0,2,2,4.32,3.2350000000000003,1.3353941267387943,2,0,0.0,2.0,85.77239999999999,0,unknown
EVT-20260927-7103A8F5,0.0,2,2,2.14,2.0949999999999998,1.0214797136038187,2,0,0.0,2.0,80.97930000000001,0,unknown
EVT-20260927-6EA845BA,0.0,1,1,2.24,2.24,1.0,1,0,0.0,1.0,115.29169999999999,0,unknown
EVT-20260923-914A70E4,0.0,2,1,3.37,3.37,1.0,2,0,0.0,2.0,66.06439999999999,0,industrial_urban
EVT-20260927-77E92340,0.0,1,1,4.05,4.05,1.0,1,0,0.0,1.0,66.12910000000001,0,unknown
EVT-20260923-734D19B3,0.0,1,1,4.84,4.84,1.0,1,0,0.0,1.0,101.14580000000001,0,industrial_urban
EVT-20260927-6F4F072D,0.0,2,1,3.43,3.43,1.0,2,0,0.0,2.0,101.06460000000001,0,unknown
EVT-20260927-C511B486,0.0,1,1,0.47,0.47,1.0,1,0,0.0,1.0,107.41680000000001,0,unknown
EVT-20260925-D0ADB74E,1.4,3,2,3.01,1.4833333333333334,2.029213483146067,1,2,0.6666666666666666,2.142857142857143,102.82719999999999,0,industrial_urban
EVT-20260926-3DCF65E3,0.0,1,1,1.19,1.19,1.0,0,1,1.0,1.0,0.8032999999999999,1,unknown
EVT-20260926-5A4F8E8A,0.3,2,2,19.33,10.12,1.9100790513833992,1,1,0.5,2.0,231.5419,0,unknown
EVT-20260923-59E64234,0.0,1,1,2.12,2.12,1.0,1,0,0.0,1.0,2.9199,0,industrial_urban
EVT-20260926-BA364715,0.0,1,1,0.98,0.98,1.0,0,1,1.0,1.0,2.4766999999999997,0,unknown
EVT-20260921-EFC47665,0.0,1,1,1.62,1.62,1.0,0,1,1.0,1.0,0.7107,1,unknown
EVT-20260926-20F9E051,0.1,2,1,2.13,1.7599999999999998,1.2102272727272727,0,2,1.0,2.0,1.003,0,unknown
EVT-20260921-5A9A5765,0.0,2,1,1.27,0.87,1.4597701149425288,0,2,1.0,2.0,8.386700000000001,0,unknown
EVT-20260926-76D68AC1,0.1,3,1,1.25,1.07,1.1682242990654206,0,3,1.0,3.0,8.2069,0,unknown
EVT-20260926-3F717875,0.1,2,1,1.07,0.9550000000000001,1.1204188481675392,0,2,1.0,2.0,1.0524,0,unknown
EVT-20260923-50206419,0.5,3,1,4.78,3.51,1.361823361823362,2,1,0.3333333333333333,3.0,0.8237000000000001,1,industrial_urban
EVT-20260926-CE80F38E,0.5,6,1,3.5,1.6766666666666665,2.087475149105368,1,5,0.8333333333333334,6.0,0.9294,1,unknown
EVT-20260921-66C3F0CA,0.0,1,1,1.7,1.7,1.0,0,1,1.0,1.0,26.6226,0,unknown
EVT-20260926-B6719162,0.0,1,1,0.78,0.78,1.0,0,1,1.0,1.0,26.7457,0,unknown
EVT-20260926-C93281E6,0.0,2,1,1.41,1.16,1.2155172413793103,0,2,1.0,2.0,17.502599999999997,0,unknown
EVT-20260923-260A39F9,0.0,2,1,3.7,2.68,1.380597014925373,0,2,1.0,2.0,0.7487,1,industrial_urban
EVT-20260926-0617660E,0.5,5,1,4.26,1.542,2.762645914396887,1,4,0.8,5.0,0.326,1,unknown
EVT-20260921-CF1322DE,0.0,1,1,2.23,2.23,1.0,0,1,1.0,1.0,0.9799,1,unknown
EVT-20260926-FA93B55E,0.0,1,1,1.17,1.17,1.0,0,1,1.0,1.0,1.0263,0,unknown
EVT-20260926-0FF796F0,0.0,2,1,0.85,0.6599999999999999,1.287878787878788,0,2,1.0,2.0,11.9248,0,unknown
EVT-20260925-5230C1A4,1.0,2,1,2.66,1.9300000000000002,1.378238341968912,0,2,1.0,2.0,0.5019,1,industrial_urban
EVT-20260926-8C94E88A,0.0,1,1,0.54,0.54,1.0,0,1,1.0,1.0,1.374,0,unknown
EVT-20260921-5A411A03,0.5,2,2,2.58,2.16,1.1944444444444444,1,1,0.5,2.0,4.082199999999999,0,unknown
EVT-20260926-2A455FB6,0.0,2,1,0.78,0.555,1.4054054054054053,0,2,1.0,2.0,5.9689,0,unknown
EVT-20260922-BB454CC7,0.6,7,3,12.31,4.988571428571428,2.4676403207331044,3,4,0.5714285714285714,7.0,13.6441,0,unknown
EVT-20260926-2F084ABF,0.0,1,1,0.75,0.75,1.0,0,1,1.0,1.0,14.069,0,unknown
EVT-20260925-CFB5F4B0,1.0,2,1,0.45,0.39,1.1538461538461537,0,2,1.0,2.0,94.1666,0,industrial_urban
EVT-20260926-E6ABA3D9,0.0,1,1,2.07,2.07,1.0,0,1,1.0,1.0,3.6649000000000003,0,unknown
EVT-20260921-7C43BBE9,0.5,3,2,3.28,3.0833333333333335,1.0637837837837836,1,2,0.6666666666666666,3.0,20.323400000000003,0,unknown
EVT-20260926-471AFD55,0.1,4,1,2.78,2.09,1.3301435406698565,0,4,1.0,4.0,20.2873,0,unknown
EVT-20260926-D244DD1E,0.0,1,1,2.32,2.32,1.0,0,1,1.0,1.0,1.0540999999999998,0,unknown
EVT-20260922-D17D5503,0.0,3,2,1.58,1.2766666666666666,1.2375979112271542,0,3,1.0,3.0,1.283,0,unknown
EVT-20260926-66824054,0.0,1,1,2.37,2.37,1.0,0,1,1.0,1.0,1.3588,0,unknown
EVT-20260926-FDFE1889,0.0,3,1,1.1,0.9133333333333334,1.2043795620437956,0,3,1.0,3.0,6.7396,0,unknown
EVT-20260926-329595EE,0.0,1,1,0.84,0.84,1.0,0,1,1.0,1.0,14.143,0,unknown
EVT-20260926-0372C355,0.0,2,1,1.87,1.57,1.1910828025477707,0,2,1.0,2.0,44.9702,0,unknown
EVT-20260926-37D2B4FD,0.0,1,1,2.25,2.25,1.0,0,1,1.0,1.0,43.0171,0,unknown
EVT-20260926-FE39639C,0.0,1,1,0.66,0.66,1.0,0,1,1.0,1.0,7.504899999999999,0,unknown
EVT-20260926-002C41D7,0.0,4,1,1.74,1.25,1.392,0,4,1.0,4.0,0.5283,2,unknown
EVT-20260926-86D7D478,0.5,4,2,5.37,4.615,1.163596966413868,3,1,0.25,4.0,8.4444,0,unknown
EVT-20260921-0A1D6AE3,0.0,1,1,1.99,1.99,1.0,0,1,1.0,1.0,359.3614,0,unknown
EVT-20260923-69B96061,0.0,1,1,1.62,1.62,1.0,0,1,1.0,1.0,359.53659999999996,0,industrial_urban
EVT-20260925-D51330C2,1.0,3,2,1.56,1.2166666666666666,1.2821917808219179,0,3,1.0,3.0,359.4378,0,industrial_urban
EVT-20260925-690E973D,1.0,2,1,1.19,1.035,1.1497584541062802,0,2,1.0,2.0,235.3287,0,industrial_urban
EVT-20260926-2C76C16D,0.0,1,1,1.09,1.09,1.0,0,1,1.0,1.0,362.6966,0,unknown
EVT-20260921-1ADF19A3,0.0,1,1,1.03,1.03,1.0,0,1,1.0,1.0,226.6037,0,unknown
EVT-20260923-C297EF1E,0.0,1,1,0.89,0.89,1.0,0,1,1.0,1.0,226.4634,0,industrial_urban
EVT-20260925-BB278BCF,1.0,3,2,1.36,1.1366666666666667,1.1964809384164223,0,3,1.0,3.0,226.6705,0,industrial_urban
EVT-20260921-CDB6A612,1.0,2,2,0.98,0.96,1.0208333333333333,0,2,1.0,2.0,125.4295,0,unknown
EVT-20260925-78A2FB8C,1.0,2,2,1.57,1.53,1.0261437908496733,0,2,1.0,2.0,125.638,0,industrial_urban
EVT-20260925-1931F320,1.0,2,2,0.99,0.9550000000000001,1.0366492146596857,0,2,1.0,2.0,180.87679999999997,0,unknown
EVT-20260926-9312FC27,0.0,2,1,0.68,0.67,1.0149253731343284,0,2,1.0,2.0,27.8244,0,unknown
EVT-20260924-AD22FD4C,0.0,1,1,0.86,0.86,1.0,0,1,1.0,1.0,354.76959999999997,0,unknown
EVT-20260926-EF4AF753,0.5,2,1,3.09,1.8499999999999999,1.6702702702702703,1,1,0.5,2.0,354.6125,0,unknown
EVT-20260921-1F0B62A5,0.0,1,1,1.52,1.52,1.0,0,1,1.0,1.0,497.6663,0,unknown
EVT-20260922-E66796D9,0.0,1,1,1.57,1.57,1.0,0,1,1.0,1.0,497.4189,0,industrial_urban
EVT-20260926-5BE43C30,0.0,1,1,0.5,0.5,1.0,0,1,1.0,1.0,497.759,0,unknown
EVT-20260922-2A7301DB,2.0,6,2,2.49,1.79,1.3910614525139666,0,6,1.0,3.0,0.5902000000000001,1,industrial_urban
EVT-20260925-86212213,1.0,3,1,1.52,1.3399999999999999,1.1343283582089554,0,3,1.0,3.0,0.6792,1,industrial_urban
EVT-20260921-236C4FEE,1.0,2,1,1.81,1.63,1.1104294478527608,0,2,1.0,2.0,1.2193,0,unknown
EVT-20260924-29F6CEA4,2.0,3,2,2.04,1.8699999999999999,1.090909090909091,0,3,1.0,1.5,1.3375,0,industrial_urban
EVT-20260921-189DAF48,1.0,3,1,1.52,1.1,1.3818181818181816,0,3,1.0,3.0,0.3413,1,unknown
EVT-20260924-B09CE9BD,0.0,1,1,1.39,1.39,1.0,0,1,1.0,1.0,0.29669999999999996,1,industrial_urban
EVT-20260926-AF77C1B8,0.0,1,1,0.94,0.94,1.0,0,1,1.0,1.0,0.37589999999999996,1,unknown
EVT-20260921-7448594D,5.0,18,2,3.55,1.635,2.171253822629969,3,15,0.8333333333333334,3.6,162.13770000000002,0,unknown
EVT-20260921-3C3A51C8,2.0,6,2,2.72,1.6616666666666664,1.6369107321965901,2,4,0.6666666666666666,3.0,109.79910000000001,0,unknown
EVT-20260924-0617AF99,2.0,4,2,3.95,1.625,2.430769230769231,1,3,0.75,2.0,109.8206,0,unknown
EVT-20260926-3590AB22,0.0,1,1,1.01,1.01,1.0,0,1,1.0,1.0,15.2462,0,unknown
EVT-20260926-6153351F,0.0,1,1,2.05,2.05,1.0,0,1,1.0,1.0,235.306,0,unknown
EVT-20260926-7CF3687C,0.0,1,1,0.43,0.43,1.0,0,1,1.0,1.0,11.5442,0,unknown
EVT-20260926-47A0C507,0.5,2,1,3.91,2.2350000000000003,1.7494407158836687,1,1,0.5,2.0,4.2115,0,unknown
EVT-20260926-A0A6C0FF,0.0,1,1,1.34,1.34,1.0,0,1,1.0,1.0,5.8451,0,unknown
EVT-20260921-97F94A3D,0.0,1,1,0.95,0.95,1.0,0,1,1.0,1.0,135.3077,0,unknown
EVT-20260926-61BD3BE1,0.0,1,1,3.74,3.74,1.0,0,1,1.0,1.0,135.3435,0,unknown
EVT-20260921-C9698629,0.0,1,1,1.99,1.99,1.0,0,1,1.0,1.0,132.77710000000002,0,unknown
EVT-20260926-1BF96A2B,0.0,1,1,3.3,3.3,1.0,0,1,1.0,1.0,132.76479999999998,0,unknown
EVT-20260926-147A4007,0.0,1,1,0.61,0.61,1.0,0,1,1.0,1.0,28.962799999999998,0,unknown
EVT-20260926-7AE97917,0.0,1,1,0.8,0.8,1.0,0,1,1.0,1.0,3.1885,0,unknown
EVT-20260926-D4E70EB6,0.0,1,1,5.09,5.09,1.0,0,1,1.0,1.0,71.96289999999999,0,unknown
EVT-20260921-20FDF20D,0.0,1,1,1.39,1.39,1.0,0,1,1.0,1.0,1.2389000000000001,0,industrial_urban
EVT-20260926-45A2DCEE,0.0,1,1,0.83,0.83,1.0,0,1,1.0,1.0,0.9662999999999999,1,unknown
EVT-20260921-D0CA1038,0.0,1,1,1.05,1.05,1.0,0,1,1.0,1.0,10.6202,0,unknown
EVT-20260925-752F3DE5,1.0,2,2,1.62,1.4500000000000002,1.1172413793103448,0,2,1.0,2.0,10.573,0,industrial_urban
EVT-20260921-50E4CB87,1.0,2,1,1.41,1.0499999999999998,1.342857142857143,0,2,1.0,2.0,1.4427999999999999,0,unknown
EVT-20260925-DCD3F99A,1.0,3,2,2.23,1.3866666666666667,1.6081730769230769,0,3,1.0,3.0,1.4702,0,industrial_urban
EVT-20260922-E120F02B,0.0,1,1,0.84,0.84,1.0,0,1,1.0,1.0,4.3283000000000005,0,industrial_urban
EVT-20260926-31A1CB51,0.0,1,1,1.38,1.38,1.0,0,1,1.0,1.0,3.9446999999999997,0,unknown
EVT-20260921-77707D69,0.0,1,1,2.74,2.74,1.0,0,1,1.0,1.0,0.8158,3,unknown
EVT-20260923-04E32005,0.0,2,1,0.98,0.8300000000000001,1.1807228915662649,0,2,1.0,2.0,0.6728,4,unknown
EVT-20260924-2D098174,0.0,1,1,0.46,0.46,1.0,0,1,1.0,1.0,0.3747,5,unknown
EVT-20260926-D36D5877,0.0,1,1,1.58,1.58,1.0,0,1,1.0,1.0,0.3989,5,unknown
EVT-20260922-B5806471,1.0,4,2,2.17,1.06,2.0471698113207544,0,4,1.0,4.0,0.2879,4,industrial_urban
EVT-20260925-4A57C2EE,1.0,5,2,3.19,2.4139999999999997,1.3214581607290805,0,5,1.0,5.0,0.18469999999999998,14,industrial_urban
EVT-20260926-AFA7F701,0.0,1,1,0.47,0.47,1.0,0,1,1.0,1.0,12.4819,0,unknown
EVT-20260921-D19A4F9B,4.0,16,3,3.41,2.0481249999999998,1.6649374427830335,2,14,0.875,4.0,3.1765,0,industrial_urban
EVT-20260926-A5CCAFA6,0.5,3,1,4.99,2.8166666666666664,1.771597633136095,1,2,0.6666666666666666,3.0,3.2609,0,unknown
EVT-20260921-A7E8B445,0.0,1,1,1.21,1.21,1.0,0,1,1.0,1.0,1.27,0,industrial_urban
EVT-20260925-A988C041,0.0,1,1,0.72,0.72,1.0,0,1,1.0,1.0,1.3319,0,industrial_urban
EVT-20260926-31ABE900,0.0,1,1,1.08,1.08,1.0,0,1,1.0,1.0,1.2563,0,unknown
EVT-20260921-9964407D,2.0,6,1,3.6,1.5033333333333332,2.394678492239468,0,6,1.0,3.0,0.4795,1,unknown
EVT-20260924-848B217E,2.0,11,2,4.91,2.3609090909090913,2.079707354639969,2,9,0.8181818181818182,5.5,0.48769999999999997,1,industrial_urban
EVT-20260925-E47C0AC7,0.0,1,1,1.32,1.32,1.0,0,1,1.0,1.0,2.7297,0,industrial_urban
EVT-20260926-737D3CC7,0.0,1,1,1.38,1.38,1.0,0,1,1.0,1.0,2.5454,0,unknown
EVT-20260927-D077D4A4,0.0,1,1,7.36,7.36,1.0,1,0,0.0,1.0,650.8882,0,unknown
EVT-20260927-6D4F1CD7,0.0,1,1,4.14,4.14,1.0,1,0,0.0,1.0,526.965,0,unknown
EVT-20260927-B7B07156,0.0,1,1,2.52,2.52,1.0,1,0,0.0,1.0,338.54159999999996,0,unknown
EVT-20260927-4CBB033F,0.0,1,1,2.19,2.19,1.0,1,0,0.0,1.0,315.90840000000003,0,unknown
EVT-20260927-7D4B2B68,0.0,1,1,5.95,5.95,1.0,1,0,0.0,1.0,405.01840000000004,0,unknown
EVT-20260927-854704CB,0.0,1,1,5.13,5.13,1.0,1,0,0.0,1.0,256.0824,0,unknown
EVT-20260927-84F37F0D,0.0,1,1,2.72,2.72,1.0,1,0,0.0,1.0,138.18110000000001,0,unknown
EVT-20260927-DB75461D,0.0,1,1,11.05,11.05,1.0,1,0,0.0,1.0,48.785599999999995,0,unknown
EVT-20260925-FAD42D69,0.0,2,1,6.41,4.795,1.3368091762252348,2,0,0.0,2.0,56.9651,0,unknown
EVT-20260927-C1467252,0.0,1,1,3.34,3.34,1.0,1,0,0.0,1.0,60.0826,0,unknown
EVT-20260927-6C256EED,0.0,1,1,5.81,5.81,1.0,1,0,0.0,1.0,57.246,0,unknown
EVT-20260926-699E6459,1.0,3,1,3.16,2.29,1.3799126637554586,3,0,0.0,3.0,64.3711,0,unknown
EVT-20260927-8FDE7765,0.0,1,1,3.36,3.36,1.0,1,0,0.0,1.0,55.4275,0,unknown
EVT-20260927-EEB53AC6,0.0,1,1,2.02,2.02,1.0,1,0,0.0,1.0,158.9771,0,unknown
EVT-20260922-6FAC453F,0.0,1,1,4.74,4.74,1.0,1,0,0.0,1.0,217.2451,0,unknown
EVT-20260927-ED2F3129,0.1,3,2,13.81,7.683333333333334,1.7973969631236442,3,0,0.0,3.0,216.8459,0,unknown
EVT-20260927-FB9F86C2,0.0,1,1,3.45,3.45,1.0,1,0,0.0,1.0,221.4955,0,unknown
EVT-20260927-EEBF0397,0.0,1,1,3.63,3.63,1.0,1,0,0.0,1.0,224.3444,0,unknown
EVT-20260927-F27795A7,0.0,2,1,7.4,6.880000000000001,1.0755813953488371,2,0,0.0,2.0,218.9435,0,unknown
EVT-20260927-BAE2C569,0.0,2,1,3.17,2.5949999999999998,1.2215799614643545,2,0,0.0,2.0,376.5462,0,unknown
EVT-20260927-B82840AD,0.0,1,1,4.86,4.86,1.0,1,0,0.0,1.0,346.5435,0,unknown
EVT-20260927-E28C897B,0.0,1,1,4.62,4.62,1.0,1,0,0.0,1.0,341.5863,0,unknown
EVT-20260927-92979A4A,0.0,1,1,2.64,2.64,1.0,1,0,0.0,1.0,331.6469,0,unknown
EVT-20260927-8EFD9E39,0.0,2,1,1.55,1.4649999999999999,1.0580204778156999,2,0,0.0,2.0,293.6625,0,unknown
EVT-20260927-572B1BE2,0.0,1,1,4.28,4.28,1.0,1,0,0.0,1.0,259.8182,0,unknown
EVT-20260927-E459192F,0.0,2,1,4.44,4.095000000000001,1.0842490842490842,2,0,0.0,2.0,281.5645,0,unknown
EVT-20260927-20190388,0.0,1,1,4.23,4.23,1.0,1,0,0.0,1.0,244.99110000000002,0,unknown
EVT-20260927-B326999E,0.0,1,1,4.63,4.63,1.0,1,0,0.0,1.0,167.8911,0,unknown
EVT-20260927-92F2FB07,0.0,1,1,5.97,5.97,1.0,1,0,0.0,1.0,183.7781,0,unknown
EVT-20260927-07DEB3CB,0.0,3,1,4.53,4.016666666666667,1.1278008298755187,3,0,0.0,3.0,213.1154,0,unknown
EVT-20260926-7FEF90A4,0.0,1,1,4.45,4.45,1.0,1,0,0.0,1.0,157.4535,0,farmland
EVT-20260927-9D288EDE,0.0,1,1,3.03,3.03,1.0,1,0,0.0,1.0,152.8388,0,unknown
EVT-20260922-CFCD66E6,0.0,1,1,6.19,6.19,1.0,1,0,0.0,1.0,226.3872,0,unknown
EVT-20260927-8B57BF18,0.0,3,1,3.89,3.17,1.2271293375394323,3,0,0.0,3.0,223.6798,0,unknown
EVT-20260927-5F5C5641,0.0,1,1,7.18,7.18,1.0,1,0,0.0,1.0,162.8505,0,unknown
EVT-20260927-B989A41C,0.0,1,1,3.52,3.52,1.0,1,0,0.0,1.0,153.0582,0,unknown
EVT-20260923-689C1694,0.0,1,1,3.47,3.47,1.0,1,0,0.0,1.0,236.5695,0,farmland
EVT-20260926-D9479A83,1.0,3,1,5.1,3.8866666666666663,1.3121783876500859,3,0,0.0,3.0,241.1862,0,unknown
EVT-20260927-652F4F33,0.0,1,1,2.99,2.99,1.0,1,0,0.0,1.0,217.7922,0,unknown
EVT-20260927-335744EB,0.0,1,1,8.01,8.01,1.0,1,0,0.0,1.0,182.75979999999998,0,unknown
EVT-20260927-CB1FD618,0.0,2,1,4.32,3.31,1.3051359516616314,2,0,0.0,2.0,186.2082,0,unknown
EVT-20260926-E21E4560,0.0,1,1,1.61,1.61,1.0,1,0,0.0,1.0,128.42839999999998,0,unknown
EVT-20260927-F1DB2A88,0.0,1,1,2.54,2.54,1.0,1,0,0.0,1.0,130.8769,0,unknown
EVT-20260922-CFB62AA6,0.0,1,1,3.11,3.11,1.0,1,0,0.0,1.0,167.4837,0,farmland
EVT-20260927-285C71B6,0.0,1,1,8.48,8.48,1.0,1,0,0.0,1.0,170.80689999999998,0,unknown
EVT-20260927-54F1D08E,0.0,1,1,3.37,3.37,1.0,1,0,0.0,1.0,142.2611,0,unknown
EVT-20260927-EA89C617,0.0,1,1,4.28,4.28,1.0,1,0,0.0,1.0,13.722299999999999,0,unknown
EVT-20260927-087A9915,0.0,1,1,4.85,4.85,1.0,1,0,0.0,1.0,167.2492,0,unknown
EVT-20260922-95DF09A6,0.0,2,1,6.38,5.58,1.1433691756272402,2,0,0.0,2.0,134.07029999999997,0,unknown
EVT-20260926-B5D2C0DA,1.0,13,2,28.85,12.685384615384613,2.2742708143836037,13,0,0.0,13.0,134.18529999999998,0,unknown
EVT-20260927-AB0ED030,0.0,1,1,7.77,7.77,1.0,1,0,0.0,1.0,10.199,0,unknown
EVT-20260927-51C4396F,0.0,1,1,7.3,7.3,1.0,1,0,0.0,1.0,168.15189999999998,0,unknown
EVT-20260923-A4814AB3,0.0,1,1,7.15,7.15,1.0,1,0,0.0,1.0,167.6918,0,farmland
EVT-20260926-D404D1AF,1.0,3,1,5.8,4.513333333333333,1.2850812407680947,3,0,0.0,3.0,162.29420000000002,0,unknown
EVT-20260926-97983363,1.0,2,2,3.73,2.775,1.3441441441441442,2,0,0.0,2.0,141.0204,0,forest
EVT-20260923-49AFD16E,0.0,1,1,6.82,6.82,1.0,1,0,0.0,1.0,163.5581,0,farmland
EVT-20260927-E0114C64,0.0,1,1,7.17,7.17,1.0,1,0,0.0,1.0,163.5531,0,unknown
EVT-20260927-1A5CE3BC,0.0,1,1,2.83,2.83,1.0,1,0,0.0,1.0,10.9255,0,unknown
EVT-20260927-04489315,0.0,1,1,7.59,7.59,1.0,1,0,0.0,1.0,12.6071,0,unknown
EVT-20260927-BB863D30,0.0,1,1,8.97,8.97,1.0,1,0,0.0,1.0,11.4173,0,unknown
EVT-20260927-8238B6F4,0.0,1,1,6.63,6.63,1.0,1,0,0.0,1.0,4.855600000000001,0,unknown
EVT-20260927-24384123,0.0,1,1,3.76,3.76,1.0,1,0,0.0,1.0,72.2684,0,unknown
EVT-20260927-07F7DCC5,0.0,1,1,1.65,1.65,1.0,1,0,0.0,1.0,4.6635,0,unknown
EVT-20260927-3375FEE0,0.2,2,2,8.44,8.17,1.033047735618115,2,0,0.0,2.0,4.8695,0,unknown
EVT-20260927-B27F8FC8,0.0,1,1,10.87,10.87,1.0,1,0,0.0,1.0,5.5398000000000005,0,unknown
EVT-20260927-09E89EBB,0.0,1,1,8.43,8.43,1.0,1,0,0.0,1.0,21.3176,0,unknown
EVT-20260926-43AD3AE3,1.0,8,2,5.43,4.00625,1.3553822152886117,8,0,0.0,8.0,20.4494,0,unknown
EVT-20260927-61391940,0.0,1,1,6.77,6.77,1.0,1,0,0.0,1.0,10.5479,0,unknown
EVT-20260927-9420F678,0.0,1,1,7.71,7.71,1.0,1,0,0.0,1.0,3.3348,0,unknown
EVT-20260927-ABACD92D,0.0,1,1,4.28,4.28,1.0,1,0,0.0,1.0,9.3958,0,unknown
EVT-20260927-454FE916,0.0,3,1,5.31,4.493333333333333,1.1817507418397626,3,0,0.0,3.0,10.7958,0,unknown
EVT-20260927-9A83CED3,0.0,1,1,2.67,2.67,1.0,1,0,0.0,1.0,6.732600000000001,0,unknown
EVT-20260927-1E5E9A05,0.0,1,1,8.6,8.6,1.0,1,0,0.0,1.0,8.0899,0,unknown
EVT-20260926-E0C7FDD5,1.0,4,2,6.85,4.9425,1.3859382903388973,4,0,0.0,4.0,15.9835,0,forest
EVT-20260927-F6F279C8,0.0,1,1,3.06,3.06,1.0,1,0,0.0,1.0,6.647,0,unknown
EVT-20260926-24F13E98,0.7,3,2,6.19,5.48,1.1295620437956204,1,2,0.6666666666666666,3.0,2.648,0,unknown
EVT-20260927-2E92F5B2,0.0,1,1,4.14,4.14,1.0,1,0,0.0,1.0,2.4669,0,unknown
EVT-20260927-26E85F4E,0.0,1,1,6.99,6.99,1.0,1,0,0.0,1.0,2.6853000000000002,0,unknown
EVT-20260927-31278569,0.0,1,1,3.36,3.36,1.0,1,0,0.0,1.0,6.4313,0,unknown
EVT-20260927-F1BED0FD,0.0,1,1,4.82,4.82,1.0,1,0,0.0,1.0,9.9294,0,unknown
EVT-20260927-95A03EAA,0.0,1,1,3.38,3.38,1.0,1,0,0.0,1.0,23.5785,0,unknown
EVT-20260927-6695AB9C,0.0,1,1,7.86,7.86,1.0,1,0,0.0,1.0,29.338099999999997,0,unknown
EVT-20260927-DA6D2CA0,0.0,1,1,2.1,2.1,1.0,1,0,0.0,1.0,7.9383,0,unknown
EVT-20260927-06C78C73,0.0,1,1,2.22,2.22,1.0,1,0,0.0,1.0,14.7006,0,unknown
EVT-20260927-BB0484DC,0.0,1,1,3.32,3.32,1.0,1,0,0.0,1.0,6.1446000000000005,0,unknown
EVT-20260927-C30F65F2,0.0,1,1,4.83,4.83,1.0,1,0,0.0,1.0,4.5673,0,unknown
EVT-20260927-7255BE50,0.0,1,1,3.1,3.1,1.0,1,0,0.0,1.0,5.690300000000001,0,unknown
EVT-20260927-0225E656,0.0,1,1,2.3,2.3,1.0,1,0,0.0,1.0,14.3642,0,unknown
EVT-20260927-7F112F94,0.0,1,1,1.76,1.76,1.0,1,0,0.0,1.0,3.549,0,unknown
EVT-20260927-83931B7C,0.0,1,1,5.57,5.57,1.0,1,0,0.0,1.0,6.7133,0,unknown
EVT-20260927-25954C53,0.0,1,1,4.09,4.09,1.0,1,0,0.0,1.0,2.7945,0,unknown
EVT-20260927-0FEFDFA2,0.0,2,1,3.11,2.46,1.2642276422764227,2,0,0.0,2.0,18.9696,0,unknown
EVT-20260927-AB54D636,0.0,1,1,1.69,1.69,1.0,1,0,0.0,1.0,2.6207,0,unknown
EVT-20260927-4B5699C5,0.0,1,1,6.21,6.21,1.0,1,0,0.0,1.0,6.5785,0,unknown
EVT-20260922-AFCF5251,0.0,1,1,5.39,5.39,1.0,1,0,0.0,1.0,3.2817,0,unknown
EVT-20260927-14E768BA,0.0,1,1,4.77,4.77,1.0,1,0,0.0,1.0,2.5758,0,unknown
EVT-20260927-C1209CD2,0.0,1,1,3.49,3.49,1.0,1,0,0.0,1.0,4.621,0,unknown
EVT-20260927-19D31FC9,0.0,1,1,2.96,2.96,1.0,1,0,0.0,1.0,6.4622,0,unknown
EVT-20260927-EB6118B4,0.0,1,1,5.39,5.39,1.0,1,0,0.0,1.0,5.8645,0,unknown
EVT-20260922-85CB9E7B,0.0,2,1,1.92,1.805,1.0637119113573408,2,0,0.0,2.0,11.1618,0,industrial_urban
EVT-20260926-05884ACB,0.0,2,1,2.28,2.28,1.0,2,0,0.0,2.0,10.3932,0,industrial_urban
EVT-20260927-646349E7,0.0,1,1,5.6,5.6,1.0,1,0,0.0,1.0,9.3772,0,unknown
EVT-20260927-0522ADA2,0.0,1,1,4.96,4.96,1.0,1,0,0.0,1.0,8.834200000000001,0,unknown
EVT-20260927-C720BE09,0.0,1,1,8.19,8.19,1.0,1,0,0.0,1.0,9.333200000000001,0,unknown
EVT-20260927-093CE0BB,0.0,1,1,2.97,2.97,1.0,1,0,0.0,1.0,5.2165,0,unknown
EVT-20260927-AC39E54C,0.0,1,1,5.43,5.43,1.0,1,0,0.0,1.0,4.0235,0,unknown
EVT-20260927-BD2FA056,0.0,1,1,3.21,3.21,1.0,1,0,0.0,1.0,18.5457,0,unknown
EVT-20260927-FF6DDF01,0.0,1,1,13.55,13.55,1.0,1,0,0.0,1.0,1.6615,0,unknown
EVT-20260927-8635E75A,0.0,1,1,2.17,2.17,1.0,1,0,0.0,1.0,18.2728,0,unknown
EVT-20260927-8585DC4E,0.0,1,1,4.8,4.8,1.0,1,0,0.0,1.0,5.6465,0,unknown
EVT-20260927-181F3D78,0.0,1,1,1.79,1.79,1.0,1,0,0.0,1.0,37.8875,0,unknown
EVT-20260927-6DFF3AE3,0.0,1,1,1.83,1.83,1.0,1,0,0.0,1.0,14.5704,0,unknown
EVT-20260927-B4A1C1FD,0.0,1,1,12.51,12.51,1.0,1,0,0.0,1.0,11.010399999999999,0,unknown
EVT-20260927-2F1A7487,0.0,1,1,2.17,2.17,1.0,1,0,0.0,1.0,7.5156,0,unknown
EVT-20260927-2F6E9891,0.0,1,1,5.58,5.58,1.0,1,0,0.0,1.0,14.044,0,unknown
EVT-20260927-E2C9D111,0.0,1,1,1.28,1.28,1.0,1,0,0.0,1.0,12.1712,0,unknown
EVT-20260927-DDAE3E1B,0.0,1,1,2.45,2.45,1.0,1,0,0.0,1.0,21.9458,0,unknown
EVT-20260927-F534AF58,0.0,1,1,1.57,1.57,1.0,1,0,0.0,1.0,7.4298,0,unknown
EVT-20260927-3EE140DF,0.0,1,1,2.62,2.62,1.0,1,0,0.0,1.0,2.5859,0,unknown
EVT-20260927-876E5194,0.0,1,1,2.74,2.74,1.0,1,0,0.0,1.0,6.9938,0,unknown
EVT-20260927-6FA3D1DA,0.0,1,1,1.5,1.5,1.0,1,0,0.0,1.0,9.8866,0,unknown
EVT-20260927-42EBF11E,0.0,1,1,1.42,1.42,1.0,1,0,0.0,1.0,7.8138000000000005,0,unknown
EVT-20260927-8F485671,0.0,1,1,2.05,2.05,1.0,1,0,0.0,1.0,14.0719,0,unknown
EVT-20260927-31B6E48B,0.0,1,1,1.61,1.61,1.0,1,0,0.0,1.0,4.141100000000001,0,unknown
EVT-20260927-15AE79B2,0.0,1,1,1.84,1.84,1.0,1,0,0.0,1.0,3.7111,0,unknown
EVT-20260927-1137337F,0.0,1,1,1.61,1.61,1.0,1,0,0.0,1.0,10.2567,0,unknown
EVT-20260927-AF827894,0.0,1,1,1.28,1.28,1.0,1,0,0.0,1.0,16.0334,0,unknown
EVT-20260927-5E6F3E12,0.0,2,1,3.58,3.3449999999999998,1.0702541106128551,2,0,0.0,2.0,25.148799999999998,0,unknown
EVT-20260927-7EED8AC1,0.0,1,1,0.8,0.8,1.0,1,0,0.0,1.0,11.3018,0,unknown
EVT-20260923-AB84C11A,0.1,4,2,4.07,2.7225,1.494949494949495,0,4,1.0,4.0,1.2153,0,industrial_urban
EVT-20260927-D408ECC6,0.0,1,1,2.57,2.57,1.0,1,0,0.0,1.0,2.6485,0,unknown
EVT-20260927-47AFAF46,0.0,1,1,1.62,1.62,1.0,1,0,0.0,1.0,6.16,0,unknown
EVT-20260927-5C50B778,0.0,1,1,0.95,0.95,1.0,1,0,0.0,1.0,1.65,0,unknown
EVT-20260922-4BD093B8,1.0,2,1,5.2,3.49,1.489971346704871,2,0,0.0,2.0,21.360400000000002,0,industrial_urban
EVT-20260927-FA1FBD95,0.0,1,1,1.77,1.77,1.0,1,0,0.0,1.0,22.0549,0,unknown
EVT-20260927-A47A6B83,0.0,1,1,1.69,1.69,1.0,1,0,0.0,1.0,15.2214,0,unknown
EVT-20260927-893E3265,0.0,1,1,1.71,1.71,1.0,1,0,0.0,1.0,15.7679,0,unknown
EVT-20260927-FBF518FA,0.0,1,1,2.64,2.64,1.0,1,0,0.0,1.0,9.854,0,unknown
EVT-20260922-030D6DCE,0.0,1,1,3.86,3.86,1.0,1,0,0.0,1.0,26.340700000000002,0,unknown
EVT-20260927-3E3E1D04,0.0,1,1,1.51,1.51,1.0,1,0,0.0,1.0,26.5622,0,unknown
EVT-20260927-445D118D,0.0,1,1,1.94,1.94,1.0,1,0,0.0,1.0,32.6269,0,unknown
EVT-20260927-560D2707,0.0,1,1,2.95,2.95,1.0,1,0,0.0,1.0,37.1262,0,unknown
EVT-20260927-24EE3E4E,0.0,1,1,2.16,2.16,1.0,1,0,0.0,1.0,42.297,0,unknown
EVT-20260922-8722FE2A,0.0,2,1,2.26,1.9949999999999999,1.1328320802005012,2,0,0.0,2.0,38.3258,0,unknown
EVT-20260927-65661071,0.0,1,1,3.46,3.46,1.0,1,0,0.0,1.0,34.8618,0,unknown
EVT-20260922-2551CE54,2.0,5,1,3.16,2.354,1.3423959218351742,5,0,0.0,2.5,17.035400000000003,0,unknown
EVT-20260926-4D735347,1.0,2,2,2.29,2.255,1.0155210643015522,2,0,0.0,2.0,15.020700000000001,0,unknown
EVT-20260927-4D98F64F,0.0,1,1,2.35,2.35,1.0,1,0,0.0,1.0,23.052400000000002,0,unknown
EVT-20260927-BC9D0BE0,0.0,1,1,2.21,2.21,1.0,1,0,0.0,1.0,17.4516,0,unknown
EVT-20260927-A24C8103,0.0,1,1,2.64,2.64,1.0,1,0,0.0,1.0,32.078900000000004,0,unknown
EVT-20260927-D5B83524,0.0,1,1,1.68,1.68,1.0,1,0,0.0,1.0,12.3044,0,unknown
EVT-20260927-3859894B,0.0,1,1,6.52,6.52,1.0,1,0,0.0,1.0,14.5335,0,unknown
EVT-20260927-33CA1892,0.0,1,1,6.04,6.04,1.0,1,0,0.0,1.0,93.4021,0,unknown
EVT-20260922-72CACC8B,0.0,2,1,7.0,4.75,1.4736842105263157,2,0,0.0,2.0,14.1807,0,unknown
EVT-20260927-D96B5312,0.0,1,1,17.13,17.13,1.0,1,0,0.0,1.0,12.1874,0,unknown
EVT-20260927-C16E7C0C,0.0,1,1,2.79,2.79,1.0,1,0,0.0,1.0,75.3643,0,unknown
EVT-20260927-9FB83E9D,0.0,2,1,2.48,2.235,1.109619686800895,2,0,0.0,2.0,169.3919,0,unknown
EVT-20260924-7283A935,0.0,2,1,2.09,1.7799999999999998,1.1741573033707866,2,0,0.0,2.0,69.1666,0,industrial_urban
EVT-20260927-B7772D7C,0.0,1,1,3.48,3.48,1.0,1,0,0.0,1.0,70.1857,0,unknown
EVT-20260927-3F63279B,0.0,1,1,3.7,3.7,1.0,1,0,0.0,1.0,61.7954,0,unknown
EVT-20260927-DF9678D2,0.0,1,1,2.18,2.18,1.0,1,0,0.0,1.0,35.693599999999996,0,unknown
EVT-20260927-D62C07E1,0.0,1,1,4.56,4.56,1.0,1,0,0.0,1.0,44.739,0,unknown
EVT-20260927-2F76ADFA,0.0,1,1,2.51,2.51,1.0,1,0,0.0,1.0,24.6546,0,unknown
EVT-20260926-F22380AC,1.0,3,2,14.72,8.426666666666668,1.7468354430379747,3,0,0.0,3.0,9.0559,0,unknown
EVT-20260924-2847B657,0.0,1,1,3.52,3.52,1.0,1,0,0.0,1.0,1.0327,0,forest
EVT-20260927-593A55F5,0.1,2,2,9.54,7.3999999999999995,1.2891891891891891,2,0,0.0,2.0,1.7392,0,unknown
EVT-20260927-26C39294,0.0,1,1,2.72,2.72,1.0,1,0,0.0,1.0,0.8032999999999999,2,unknown
EVT-20260927-AC6249E7,0.0,1,1,2.8,2.8,1.0,1,0,0.0,1.0,209.48,0,unknown
EVT-20260922-EF5C0FD7,0.0,1,1,9.76,9.76,1.0,1,0,0.0,1.0,1.7822,0,industrial_urban
EVT-20260927-2D97FB6A,0.0,1,1,3.93,3.93,1.0,1,0,0.0,1.0,0.9006000000000001,1,unknown
EVT-20260927-20BB7225,0.0,1,1,3.34,3.34,1.0,1,0,0.0,1.0,4.2984,0,unknown
EVT-20260927-CBC56267,0.0,1,1,3.32,3.32,1.0,1,0,0.0,1.0,4.839300000000001,0,unknown
EVT-20260927-6076D64E,0.0,1,1,3.67,3.67,1.0,1,0,0.0,1.0,5.8351999999999995,0,unknown
EVT-20260927-EACD2418,0.0,2,1,3.26,3.26,1.0,2,0,0.0,2.0,75.1747,0,unknown
EVT-20260922-8EA87150,1.0,3,2,5.02,3.573333333333333,1.4048507462686568,3,0,0.0,3.0,220.8607,0,unknown
EVT-20260924-E18EF21A,0.0,1,1,3.03,3.03,1.0,1,0,0.0,1.0,220.5221,0,unknown
EVT-20260927-0AD467FC,0.0,1,1,11.56,11.56,1.0,1,0,0.0,1.0,216.99710000000002,0,unknown
EVT-20260927-B8274ED4,0.0,1,1,2.92,2.92,1.0,1,0,0.0,1.0,341.6056,0,unknown
EVT-20260925-E75FDFD6,2.0,3,2,8.65,7.186666666666667,1.2036178107606679,3,0,0.0,1.5,58.8454,0,unknown
EVT-20260927-A9D105D5,0.0,1,1,4.26,4.26,1.0,1,0,0.0,1.0,135.0898,0,unknown
EVT-20260927-E880EC1F,0.0,1,1,3.23,3.23,1.0,1,0,0.0,1.0,98.36510000000001,0,unknown
EVT-20260927-FB930E53,0.0,1,1,4.43,4.43,1.0,1,0,0.0,1.0,163.7919,0,unknown
EVT-20260926-EEC35AD0,0.0,1,1,5.37,5.37,1.0,0,1,1.0,1.0,9.5833,0,unknown
EVT-20260926-A529E995,0.0,1,1,4.66,4.66,1.0,0,1,1.0,1.0,1.7261,0,unknown
EVT-20260926-9ACAF70D,0.0,1,1,7.91,7.91,1.0,0,1,1.0,1.0,10.007100000000001,0,unknown
EVT-20260927-E1FF8FD5,0.0,1,1,13.94,13.94,1.0,1,0,0.0,1.0,177.3716,0,unknown
EVT-20260927-F0BB8535,0.0,1,1,8.68,8.68,1.0,1,0,0.0,1.0,4.9322,0,unknown
EVT-20260927-7243A802,0.0,2,1,7.17,6.635,1.0806330067822156,2,0,0.0,2.0,3.4708,0,unknown
EVT-20260927-369A326C,0.0,1,1,4.6,4.6,1.0,1,0,0.0,1.0,6.9097,0,unknown
EVT-20260927-CE5778BC,0.0,1,1,8.0,8.0,1.0,1,0,0.0,1.0,37.3782,0,unknown
EVT-20260927-A6354166,0.0,2,1,55.13,44.255,1.2457349452039317,2,0,0.0,2.0,76.2536,0,unknown
EVT-20260927-D81D4CA6,0.0,1,1,7.73,7.73,1.0,1,0,0.0,1.0,17.9746,0,unknown
EVT-20260927-D4C98380,0.0,1,1,5.81,5.81,1.0,1,0,0.0,1.0,10.3656,0,unknown
EVT-20260927-2FD03CCB,0.0,1,1,5.99,5.99,1.0,1,0,0.0,1.0,336.01370000000003,0,unknown
EVT-20260927-C8230BC7,0.0,1,1,6.58,6.58,1.0,1,0,0.0,1.0,233.0009,0,unknown
EVT-20260927-805CDC98,0.0,1,1,6.64,6.64,1.0,1,0,0.0,1.0,5.9896,0,unknown
EVT-20260926-AA0DD883,0.8,2,2,6.84,5.14,1.330739299610895,2,0,0.0,2.0,7.7748,0,unknown
EVT-20260926-A0F3B08E,0.0,1,1,8.29,8.29,1.0,1,0,0.0,1.0,498.2962,0,unknown
EVT-20260927-7D66E13C,0.0,1,1,30.51,30.51,1.0,1,0,0.0,1.0,498.6128,0,unknown
EVT-20260927-22E02C8B,0.0,1,1,18.07,18.07,1.0,1,0,0.0,1.0,32.373,0,unknown
EVT-20260927-7AA3BEBA,0.0,1,1,12.07,12.07,1.0,1,0,0.0,1.0,323.1008,0,unknown
EVT-20260927-BE49DA00,0.0,1,1,20.96,20.96,1.0,1,0,0.0,1.0,164.924,0,unknown
EVT-20260927-787354D4,0.0,1,1,9.22,9.22,1.0,1,0,0.0,1.0,174.7202,0,unknown
EVT-20260927-829B91B0,0.0,1,1,13.0,13.0,1.0,1,0,0.0,1.0,8.7196,0,unknown
EVT-20260927-91CEB72F,0.0,1,1,11.0,11.0,1.0,1,0,0.0,1.0,0.6802,1,unknown
EVT-20260927-92CA2EBA,0.0,1,1,5.3,5.3,1.0,1,0,0.0,1.0,11.4672,0,unknown
EVT-20260927-08D13FC9,0.0,1,1,7.84,7.84,1.0,1,0,0.0,1.0,41.2353,0,unknown
EVT-20260925-2BF54014,0.0,1,1,6.05,6.05,1.0,1,0,0.0,1.0,2.291,0,industrial_urban
EVT-20260927-97A9FF9E,0.0,1,1,8.24,8.24,1.0,1,0,0.0,1.0,2.5570999999999997,0,unknown
EVT-20260926-51232A76,0.0,2,1,3.66,3.66,1.0,2,0,0.0,2.0,11.8344,0,industrial_urban
EVT-20260927-D33F782E,0.0,1,1,7.19,7.19,1.0,1,0,0.0,1.0,11.4366,0,unknown
EVT-20260922-F7E2262C,0.0,1,1,2.66,2.66,1.0,1,0,0.0,1.0,7.8024,0,farmland
EVT-20260926-0C00C4E5,0.0,1,1,4.32,4.32,1.0,1,0,0.0,1.0,7.4894,0,unknown
EVT-20260926-42382E5E,0.0,1,1,2.81,2.81,1.0,1,0,0.0,1.0,681.6346,0,industrial_urban
EVT-20260926-AD062C46,0.0,1,1,4.43,4.43,1.0,1,0,0.0,1.0,168.5565,0,industrial_urban
EVT-20260926-87625205,0.0,2,2,5.07,4.77,1.0628930817610065,2,0,0.0,2.0,10.6945,0,unknown
EVT-20260926-5E0E4D5A,0.0,1,1,7.79,7.79,1.0,1,0,0.0,1.0,266.84270000000004,0,unknown
EVT-20260926-98DE1559,0.0,2,1,4.72,3.3,1.4303030303030304,2,0,0.0,2.0,40.5616,0,industrial_urban
EVT-20260926-4A9AB2F0,0.0,1,1,7.79,7.79,1.0,1,0,0.0,1.0,172.82979999999998,0,unknown
EVT-20260926-2019C5F2,0.0,2,2,3.58,3.4299999999999997,1.0437317784256561,2,0,0.0,2.0,6.0156,0,unknown
EVT-20260926-FE5194BF,0.0,1,1,1.14,1.14,1.0,1,0,0.0,1.0,19.771,0,unknown
EVT-20260926-0F70B74F,0.0,4,2,5.32,4.84,1.0991735537190084,4,0,0.0,4.0,22.8994,0,unknown
EVT-20260926-594810AB,0.0,1,1,1.96,1.96,1.0,1,0,0.0,1.0,7.1261,0,unknown
EVT-20260926-179D70D3,0.0,2,1,3.62,3.01,1.2026578073089702,2,0,0.0,2.0,16.443900000000003,0,unknown
EVT-20260926-9263A16C,0.0,1,1,2.69,2.69,1.0,1,0,0.0,1.0,30.9758,0,unknown
EVT-20260926-ABCA183C,0.0,2,1,35.89,19.355,1.8543012141565487,2,0,0.0,2.0,43.499900000000004,0,scrub_grass
EVT-20260926-19C016B9,0.0,1,1,7.7,7.7,1.0,1,0,0.0,1.0,86.2924,0,unknown
EVT-20260926-443364EC,0.0,1,1,4.73,4.73,1.0,1,0,0.0,1.0,320.97909999999996,0,unknown
EVT-20260926-0060AE0B,0.0,1,1,6.89,6.89,1.0,1,0,0.0,1.0,332.8205,0,scrub_grass
EVT-20260926-404066F9,0.0,1,1,1.9,1.9,1.0,1,0,0.0,1.0,280.4966,0,farmland
EVT-20260926-092F0CA4,0.0,1,1,3.92,3.92,1.0,1,0,0.0,1.0,273.0872,0,farmland
EVT-20260926-37E0DF59,0.0,1,1,4.56,4.56,1.0,1,0,0.0,1.0,250.9925,0,farmland
EVT-20260926-901DE55E,0.0,1,1,3.12,3.12,1.0,1,0,0.0,1.0,226.3357,0,farmland
EVT-20260922-B1D4089F,0.0,2,1,6.5,5.96,1.0906040268456376,2,0,0.0,2.0,234.01729999999998,0,farmland
EVT-20260926-FA920C6E,0.0,1,1,1.88,1.88,1.0,1,0,0.0,1.0,231.47129999999999,0,farmland
EVT-20260926-02202B44,0.0,2,1,4.58,4.58,1.0,2,0,0.0,2.0,130.79510000000002,0,forest
EVT-20260926-5817EB49,0.0,1,1,2.49,2.49,1.0,1,0,0.0,1.0,160.2014,0,industrial_urban
EVT-20260926-1E532B7C,0.0,2,2,5.34,3.7199999999999998,1.435483870967742,2,0,0.0,2.0,116.567,0,unknown
EVT-20260922-1657EBDF,0.0,1,1,3.07,3.07,1.0,1,0,0.0,1.0,237.05579999999998,0,scrub_grass
EVT-20260926-CDFD510F,0.0,2,2,7.68,5.65,1.3592920353982298,2,0,0.0,2.0,238.4719,0,forest
EVT-20260926-F2FF5DAB,0.0,1,1,2.59,2.59,1.0,1,0,0.0,1.0,173.3342,0,farmland
EVT-20260926-D8DE3CC2,0.0,1,1,3.07,3.07,1.0,1,0,0.0,1.0,118.8018,0,farmland
EVT-20260926-61D4FDEB,0.0,8,2,6.7,4.10625,1.6316590563165905,8,0,0.0,8.0,144.52960000000002,0,farmland
EVT-20260926-A56659A7,0.0,1,1,3.51,3.51,1.0,1,0,0.0,1.0,126.5561,0,farmland
EVT-20260926-536FE41D,0.0,1,1,15.53,15.53,1.0,1,0,0.0,1.0,145.8679,0,forest
EVT-20260926-617A695B,0.0,1,1,9.22,9.22,1.0,1,0,0.0,1.0,4.2983,0,unknown
EVT-20260926-DAEE635D,0.0,2,1,4.12,3.6,1.1444444444444444,2,0,0.0,2.0,150.1747,0,forest
EVT-20260926-038E6BD2,0.0,6,2,15.19,11.473333333333334,1.3239395700174315,6,0,0.0,6.0,156.359,0,farmland
EVT-20260925-059076D5,1.0,4,2,3.67,2.96,1.239864864864865,4,0,0.0,4.0,125.5882,0,farmland
EVT-20260926-5D697C0F,0.0,1,1,2.93,2.93,1.0,1,0,0.0,1.0,94.9375,0,farmland
EVT-20260926-01DDD849,0.0,1,1,3.11,3.11,1.0,1,0,0.0,1.0,65.9447,0,wetland
EVT-20260926-EC7F218C,0.0,1,1,3.71,3.71,1.0,1,0,0.0,1.0,161.39610000000002,0,forest
EVT-20260926-A0603905,0.0,2,2,7.77,4.765,1.6306400839454356,2,0,0.0,2.0,130.1537,0,farmland
EVT-20260926-71D93792,0.0,1,1,3.0,3.0,1.0,1,0,0.0,1.0,154.3099,0,wetland
EVT-20260926-431E12B4,0.0,1,1,4.35,4.35,1.0,1,0,0.0,1.0,16.773,0,unknown
EVT-20260926-EB5D09AC,0.0,1,1,3.41,3.41,1.0,1,0,0.0,1.0,0.8547,1,forest
EVT-20260926-00A72BDD,0.0,2,1,6.37,6.37,1.0,2,0,0.0,2.0,141.7912,0,farmland
EVT-20260926-28153297,0.0,1,1,2.75,2.75,1.0,1,0,0.0,1.0,7.261699999999999,0,unknown
EVT-20260926-7859B6AC,0.0,1,1,3.0,3.0,1.0,1,0,0.0,1.0,10.348600000000001,0,wetland
EVT-20260926-992DAFE3,0.0,1,1,7.68,7.68,1.0,1,0,0.0,1.0,1.349,0,unknown
EVT-20260926-0C6FE7DD,0.0,2,2,2.35,2.215,1.0609480812641086,2,0,0.0,2.0,3.3123,0,forest
EVT-20260926-FCDCD0A5,0.0,2,2,5.38,5.275,1.019905213270142,2,0,0.0,2.0,9.8817,0,industrial_urban
EVT-20260926-BEE21931,0.0,6,2,4.69,2.813333333333334,1.6670616113744074,6,0,0.0,6.0,73.5839,0,farmland
EVT-20260926-3A20D1A1,0.0,1,1,2.87,2.87,1.0,1,0,0.0,1.0,75.42689999999999,0,farmland
EVT-20260926-C53642E5,0.0,2,2,8.06,6.130000000000001,1.3148450244698204,2,0,0.0,2.0,0.4682,1,industrial_urban
EVT-20260926-09F760BE,0.0,1,1,4.06,4.06,1.0,1,0,0.0,1.0,7.7713,0,farmland
EVT-20260926-9F652CC3,0.0,1,1,4.23,4.23,1.0,1,0,0.0,1.0,76.6754,0,farmland
EVT-20260926-A35C2C64,0.0,1,1,2.19,2.19,1.0,1,0,0.0,1.0,5.2286,0,industrial_urban
EVT-20260926-E5851704,0.0,1,1,2.63,2.63,1.0,1,0,0.0,1.0,2.0967,0,industrial_urban
EVT-20260926-F906EB86,0.0,1,1,1.59,1.59,1.0,1,0,0.0,1.0,2.0359000000000003,0,industrial_urban
EVT-20260926-9B1F47D3,0.0,2,2,7.99,6.555,1.2189168573607934,2,0,0.0,2.0,23.2411,0,farmland
EVT-20260926-630DB242,0.0,1,1,1.63,1.63,1.0,1,0,0.0,1.0,22.535700000000002,0,industrial_urban
EVT-20260926-97EA9B78,0.0,1,1,0.59,0.59,1.0,1,0,0.0,1.0,23.4067,0,industrial_urban
EVT-20260926-8FD2C19E,0.0,1,1,1.36,1.36,1.0,1,0,0.0,1.0,5.2363,0,forest
EVT-20260926-B9ECCDC3,0.0,1,1,5.6,5.6,1.0,1,0,0.0,1.0,3.2848,0,forest
EVT-20260926-2643DDF0,0.0,1,1,2.0,2.0,1.0,1,0,0.0,1.0,11.2559,0,industrial_urban
EVT-20260926-265DF314,0.0,1,1,2.92,2.92,1.0,1,0,0.0,1.0,12.2753,0,farmland
EVT-20260926-E01FADDA,0.0,1,1,1.12,1.12,1.0,1,0,0.0,1.0,30.748099999999997,0,industrial_urban
EVT-20260926-52D346BF,0.0,1,1,1.35,1.35,1.0,1,0,0.0,1.0,24.0503,0,unknown
EVT-20260926-87310C0B,0.0,2,2,7.06,4.64,1.521551724137931,2,0,0.0,2.0,13.1389,0,farmland
EVT-20260926-BF3585DC,0.0,1,1,3.97,3.97,1.0,1,0,0.0,1.0,7.464300000000001,0,industrial_urban
EVT-20260926-CB6AEBE8,0.0,1,1,4.71,4.71,1.0,1,0,0.0,1.0,18.390099999999997,0,industrial_urban
EVT-20260926-3F4C2652,0.0,1,1,1.73,1.73,1.0,1,0,0.0,1.0,1.5777,0,industrial_urban
EVT-20260926-5F400ABC,0.0,1,1,5.43,5.43,1.0,1,0,0.0,1.0,7.6686000000000005,0,industrial_urban
EVT-20260926-04781421,0.0,1,1,3.13,3.13,1.0,1,0,0.0,1.0,1.0567,0,industrial_urban
EVT-20260926-DF0B4F4E,0.0,1,1,2.89,2.89,1.0,1,0,0.0,1.0,5.7016,0,unknown
EVT-20260926-9FE33113,0.0,1,1,2.84,2.84,1.0,1,0,0.0,1.0,4.2272,0,industrial_urban
EVT-20260926-A3C1343C,0.0,1,1,1.8,1.8,1.0,1,0,0.0,1.0,4.074,0,unknown
EVT-20260926-F42B9431,0.0,1,1,4.2,4.2,1.0,1,0,0.0,1.0,9.0754,0,forest
EVT-20260926-4F4E29DC,0.0,1,1,0.62,0.62,1.0,1,0,0.0,1.0,7.6691,0,industrial_urban
EVT-20260926-31CFDB76,0.0,1,1,1.84,1.84,1.0,1,0,0.0,1.0,2.6531,0,industrial_urban
EVT-20260926-D473BEAD,0.0,1,1,5.75,5.75,1.0,1,0,0.0,1.0,11.883299999999998,0,farmland
EVT-20260926-19033A1B,0.0,1,1,2.09,2.09,1.0,1,0,0.0,1.0,6.9977,0,unknown
EVT-20260926-6A3F1C67,0.0,1,1,4.62,4.62,1.0,1,0,0.0,1.0,6.4464,0,industrial_urban
EVT-20260926-19FFB72F,0.0,1,1,3.18,3.18,1.0,1,0,0.0,1.0,4.5847,0,unknown
EVT-20260926-34B4284F,0.0,1,1,3.46,3.46,1.0,1,0,0.0,1.0,4.718100000000001,0,industrial_urban
EVT-20260926-80C19B3C,0.0,3,2,3.58,2.6333333333333333,1.359493670886076,3,0,0.0,3.0,14.050799999999999,0,industrial_urban
EVT-20260926-B87DFED4,0.0,1,1,2.63,2.63,1.0,1,0,0.0,1.0,12.4571,0,unknown
EVT-20260923-A95A2C0D,0.0,4,2,1.17,0.865,1.352601156069364,0,4,1.0,4.0,0.0554,1,industrial_urban
EVT-20260926-1B03DD5F,0.0,1,1,1.88,1.88,1.0,1,0,0.0,1.0,1.302,0,industrial_urban
EVT-20260926-56238F21,0.0,1,1,3.52,3.52,1.0,1,0,0.0,1.0,10.7514,0,unknown
EVT-20260926-BFD88403,0.0,1,1,3.15,3.15,1.0,1,0,0.0,1.0,3.0333,0,industrial_urban
EVT-20260926-C7B240DE,0.0,1,1,2.44,2.44,1.0,1,0,0.0,1.0,9.461200000000002,0,farmland
EVT-20260926-751F4BB9,0.0,2,1,2.39,2.215,1.0790067720090295,2,0,0.0,2.0,8.4233,0,unknown
EVT-20260926-342E5C70,0.0,3,2,4.76,4.193333333333333,1.135135135135135,3,0,0.0,3.0,15.483600000000001,0,industrial_urban
EVT-20260926-2AB1A75D,0.0,1,1,3.42,3.42,1.0,1,0,0.0,1.0,1.8680999999999999,0,industrial_urban
EVT-20260926-E8129049,0.0,2,1,1.93,1.93,1.0,2,0,0.0,2.0,1.2883,0,scrub_grass
EVT-20260926-1F2EE60D,0.0,1,1,2.27,2.27,1.0,1,0,0.0,1.0,11.4423,0,industrial_urban
EVT-20260926-3CCDBDA3,0.0,1,1,1.99,1.99,1.0,1,0,0.0,1.0,7.7565,0,industrial_urban
EVT-20260926-7F183B13,0.0,1,1,5.05,5.05,1.0,1,0,0.0,1.0,15.792399999999999,0,industrial_urban
EVT-20260926-21F76C84,0.0,2,1,3.82,3.085,1.2382495948136143,2,0,0.0,2.0,4.3728,0,industrial_urban
EVT-20260926-AAD116A4,0.0,1,1,2.52,2.52,1.0,1,0,0.0,1.0,1.761,0,industrial_urban
EVT-20260926-6B4C8627,0.0,1,1,2.59,2.59,1.0,1,0,0.0,1.0,20.4483,0,industrial_urban
EVT-20260926-49DDEFB7,0.0,1,1,2.46,2.46,1.0,1,0,0.0,1.0,16.7841,0,scrub_grass
EVT-20260926-B4E49C5D,0.0,2,1,3.2,3.2,1.0,2,0,0.0,2.0,8.3749,0,industrial_urban
EVT-20260926-041897CF,0.0,1,1,3.92,3.92,1.0,1,0,0.0,1.0,13.735100000000001,0,scrub_grass
EVT-20260926-30876247,0.0,2,1,7.57,7.57,1.0,2,0,0.0,2.0,15.8634,0,industrial_urban
EVT-20260926-E37F0644,0.0,1,1,0.94,0.94,1.0,1,0,0.0,1.0,8.325299999999999,0,unknown
EVT-20260926-8CB39FA2,0.0,1,1,1.66,1.66,1.0,1,0,0.0,1.0,17.481099999999998,0,unknown
EVT-20260926-3EEB15B1,0.0,1,1,1.37,1.37,1.0,1,0,0.0,1.0,6.9754,0,unknown
EVT-20260926-BEE1CB92,0.0,1,1,1.39,1.39,1.0,1,0,0.0,1.0,24.6453,0,unknown
EVT-20260926-DE0C3B59,0.0,3,2,3.74,3.2866666666666666,1.1379310344827587,3,0,0.0,3.0,86.157,0,unknown
EVT-20260926-ACE28DD3,0.0,1,1,2.16,2.16,1.0,1,0,0.0,1.0,47.941,0,industrial_urban
EVT-20260926-2AB82A97,0.0,1,1,12.57,12.57,1.0,1,0,0.0,1.0,170.46689999999998,0,industrial_urban
EVT-20260926-086BC008,0.0,3,2,3.58,2.48,1.4435483870967742,3,0,0.0,3.0,140.2309,0,unknown
EVT-20260926-D9A1AD11,0.0,2,1,2.52,2.19,1.1506849315068493,2,0,0.0,2.0,90.10310000000001,0,unknown
EVT-20260926-C77AE5CA,0.0,1,1,5.83,5.83,1.0,1,0,0.0,1.0,116.4406,0,unknown
EVT-20260922-E699FC7E,1.0,6,2,3.16,1.2316666666666665,2.565629228687416,1,5,0.8333333333333334,6.0,4.3511999999999995,0,wetland
EVT-20260926-BA07F268,0.0,1,1,3.84,3.84,1.0,1,0,0.0,1.0,3.2981,0,wetland
EVT-20260926-E7E92C6A,0.0,2,1,3.57,3.57,1.0,2,0,0.0,2.0,24.9403,0,industrial_urban
EVT-20260926-E58E11CA,0.0,1,1,5.81,5.81,1.0,1,0,0.0,1.0,12.4357,0,unknown
EVT-20260926-6DA15C70,0.0,1,1,2.46,2.46,1.0,1,0,0.0,1.0,32.1765,0,industrial_urban
EVT-20260926-CCC4EE76,0.0,1,1,1.34,1.34,1.0,1,0,0.0,1.0,230.5917,0,unknown
EVT-20260926-AE6AD172,0.0,1,1,0.96,0.96,1.0,1,0,0.0,1.0,75.318,0,industrial_urban
EVT-20260926-F6149598,0.0,1,1,2.02,2.02,1.0,1,0,0.0,1.0,22.294700000000002,0,unknown
EVT-20260926-9F8905FF,0.0,1,1,1.8,1.8,1.0,1,0,0.0,1.0,3.8455,0,unknown
EVT-20260926-B5B2BE63,0.0,1,1,4.64,4.64,1.0,1,0,0.0,1.0,7.1577,0,industrial_urban
EVT-20260926-5860FB14,0.0,1,1,2.44,2.44,1.0,1,0,0.0,1.0,176.72979999999998,0,unknown
EVT-20260926-5BD43939,0.0,1,1,3.47,3.47,1.0,1,0,0.0,1.0,15.2515,0,industrial_urban
EVT-20260926-166CFF22,0.0,1,1,3.29,3.29,1.0,1,0,0.0,1.0,23.4447,0,industrial_urban
EVT-20260923-D24ACFC4,0.0,1,1,2.09,2.09,1.0,1,0,0.0,1.0,33.4355,0,industrial_urban
EVT-20260924-86631AED,0.0,1,1,3.11,3.11,1.0,1,0,0.0,1.0,37.6082,0,unknown
EVT-20260926-E7AE032C,0.0,1,1,2.39,2.39,1.0,1,0,0.0,1.0,37.380199999999995,0,industrial_urban
EVT-20260926-530E182F,0.0,1,1,1.37,1.37,1.0,1,0,0.0,1.0,187.3077,0,industrial_urban
EVT-20260926-8D202FFD,0.0,1,1,3.86,3.86,1.0,1,0,0.0,1.0,1.0753,0,industrial_urban
EVT-20260926-3D4DC4D1,0.0,2,1,4.08,3.83,1.0652741514360313,2,0,0.0,2.0,2.7931,0,industrial_urban
EVT-20260926-3F3A1BC3,0.0,1,1,5.61,5.61,1.0,1,0,0.0,1.0,3.7657,0,industrial_urban
EVT-20260926-CD47BC19,0.0,1,1,3.66,3.66,1.0,1,0,0.0,1.0,2.8512,0,industrial_urban
EVT-20260926-ACC17878,0.0,1,1,3.04,3.04,1.0,1,0,0.0,1.0,46.094699999999996,0,industrial_urban
EVT-20260926-6F21E4A1,0.0,2,1,5.03,5.03,1.0,2,0,0.0,2.0,25.586299999999998,0,industrial_urban
EVT-20260926-AC65F4F4,0.0,1,1,3.71,3.71,1.0,1,0,0.0,1.0,144.094,0,unknown
EVT-20260926-DD8924C8,0.0,2,1,5.85,4.635,1.262135922330097,2,0,0.0,2.0,95.35539999999999,0,industrial_urban
EVT-20260926-8E86EEA7,0.0,2,1,2.73,2.425,1.1257731958762887,2,0,0.0,2.0,220.6113,0,industrial_urban
EVT-20260926-A12F07A3,0.0,2,1,2.54,2.215,1.146726862302483,2,0,0.0,2.0,64.6739,0,farmland
EVT-20260926-07529E83,0.0,1,1,2.05,2.05,1.0,1,0,0.0,1.0,146.3291,0,unknown
EVT-20260926-1A1F1702,0.0,1,1,2.96,2.96,1.0,1,0,0.0,1.0,115.43719999999999,0,industrial_urban
EVT-20260926-4C375CC9,0.0,3,2,5.59,4.796666666666666,1.165392633773454,3,0,0.0,3.0,6.0136,0,forest
EVT-20260922-66133A4E,0.0,2,2,7.82,6.68,1.1706586826347307,2,0,0.0,2.0,86.05969999999999,0,industrial_urban
EVT-20260923-5A7B4269,0.0,1,1,5.14,5.14,1.0,1,0,0.0,1.0,272.46029999999996,0,unknown
EVT-20260926-5E9C8319,0.0,1,1,3.81,3.81,1.0,1,0,0.0,1.0,346.2119,0,unknown
EVT-20260926-5FCA8AFE,0.0,2,1,8.14,7.745,1.0510006455777923,2,0,0.0,2.0,668.3865,0,industrial_urban
EVT-20260926-BCDFBCBD,0.0,1,1,8.11,8.11,1.0,1,0,0.0,1.0,619.9903,0,industrial_urban
EVT-20260926-F4FF0907,0.0,1,1,9.4,9.4,1.0,1,0,0.0,1.0,605.4535999999999,0,industrial_urban
EVT-20260926-6FF94B46,0.0,1,1,12.94,12.94,1.0,1,0,0.0,1.0,594.0988000000001,0,industrial_urban
EVT-20260926-188DFB4C,0.0,1,1,8.38,8.38,1.0,1,0,0.0,1.0,343.75390000000004,0,industrial_urban
EVT-20260922-135B2DA8,0.0,1,1,6.56,6.56,1.0,1,0,0.0,1.0,23.895400000000002,0,unknown
EVT-20260925-3BFAA23D,0.0,1,1,0.76,0.76,1.0,0,1,1.0,1.0,4.6088000000000005,0,farmland
EVT-20260925-E3588100,0.0,1,1,0.86,0.86,1.0,0,1,1.0,1.0,4.0628,0,industrial_urban
EVT-20260926-BC06FE45,0.0,1,1,4.55,4.55,1.0,1,0,0.0,1.0,346.7812,0,industrial_urban
EVT-20260926-05F1FEEF,0.0,1,1,2.47,2.47,1.0,1,0,0.0,1.0,101.4033,0,industrial_urban
EVT-20260926-5E916A25,0.0,1,1,3.51,3.51,1.0,1,0,0.0,1.0,92.2343,0,unknown
EVT-20260926-5B060E24,0.0,1,1,3.15,3.15,1.0,1,0,0.0,1.0,87.1157,0,forest
EVT-20260926-2A0A8D42,0.0,1,1,2.47,2.47,1.0,1,0,0.0,1.0,78.0677,0,industrial_urban
EVT-20260926-F1C4A784,0.0,1,1,1.7,1.7,1.0,1,0,0.0,1.0,99.70639999999999,0,unknown
EVT-20260926-CA06114B,0.0,1,1,4.55,4.55,1.0,1,0,0.0,1.0,235.4801,0,unknown
EVT-20260926-04C9BD85,0.0,1,1,4.37,4.37,1.0,1,0,0.0,1.0,35.2203,0,industrial_urban
EVT-20260926-650EF60F,0.0,1,1,3.4,3.4,1.0,1,0,0.0,1.0,88.25789999999999,0,industrial_urban
EVT-20260926-0390C2BC,0.0,1,1,2.39,2.39,1.0,1,0,0.0,1.0,11.9506,0,forest
EVT-20260926-1592907B,0.0,2,1,20.07,11.64,1.7242268041237112,2,0,0.0,2.0,22.9962,0,unknown
EVT-20260926-4ABDE657,0.0,1,1,4.32,4.32,1.0,1,0,0.0,1.0,16.6133,0,unknown
EVT-20260926-DA4C25CE,0.0,1,1,3.5,3.5,1.0,1,0,0.0,1.0,32.8311,0,forest
EVT-20260926-3B2CF921,0.0,1,1,4.33,4.33,1.0,1,0,0.0,1.0,342.1877,0,farmland
EVT-20260926-2A606D7A,0.0,1,1,2.65,2.65,1.0,1,0,0.0,1.0,331.3366,0,farmland
EVT-20260926-BBF186CB,0.0,1,1,2.52,2.52,1.0,1,0,0.0,1.0,130.719,0,farmland
EVT-20260922-3D090DFE,0.0,1,1,6.69,6.69,1.0,1,0,0.0,1.0,151.115,0,forest
EVT-20260926-AB610F7F,0.0,1,1,3.92,3.92,1.0,1,0,0.0,1.0,152.0528,0,forest
EVT-20260922-D343E085,0.0,1,1,7.17,7.17,1.0,1,0,0.0,1.0,1.3417999999999999,0,unknown
EVT-20260926-5040EFE5,0.0,1,1,8.56,8.56,1.0,1,0,0.0,1.0,2.5071999999999997,0,industrial_urban
EVT-20260926-E2BD1EFE,0.0,1,1,2.83,2.83,1.0,1,0,0.0,1.0,133.3484,0,farmland
EVT-20260926-27412A42,0.0,1,1,3.32,3.32,1.0,1,0,0.0,1.0,124.0878,0,forest
EVT-20260926-D681AD3B,0.0,1,1,8.26,8.26,1.0,1,0,0.0,1.0,4.1987,0,unknown
EVT-20260926-64700986,0.0,1,1,3.43,3.43,1.0,1,0,0.0,1.0,23.291400000000003,0,industrial_urban
EVT-20260926-1A5F65CD,0.0,1,1,4.03,4.03,1.0,1,0,0.0,1.0,1.6242999999999999,0,industrial_urban
EVT-20260926-655F18B5,0.0,1,1,4.07,4.07,1.0,1,0,0.0,1.0,8.903,0,unknown
EVT-20260926-64D10D10,0.0,1,1,2.03,2.03,1.0,1,0,0.0,1.0,3.789,0,forest
EVT-20260926-074D6A0B,0.0,1,1,2.14,2.14,1.0,1,0,0.0,1.0,8.6915,0,unknown
EVT-20260926-F1B4057F,0.0,1,1,3.16,3.16,1.0,1,0,0.0,1.0,21.9528,0,wetland
EVT-20260926-B4B6C9CB,0.0,1,1,3.73,3.73,1.0,1,0,0.0,1.0,19.0945,0,industrial_urban
EVT-20260926-F362F8D3,0.0,1,1,3.6,3.6,1.0,1,0,0.0,1.0,6.0722,0,unknown
EVT-20260926-470BAE19,0.0,1,1,4.41,4.41,1.0,1,0,0.0,1.0,12.673,0,scrub_grass
EVT-20260925-4947BDBA,1.0,2,2,1.51,1.185,1.2742616033755274,2,0,0.0,2.0,11.7445,0,industrial_urban
EVT-20260921-60063DB6,0.0,1,1,0.16,0.16,1.0,0,1,1.0,1.0,7.1101,0,industrial_urban
EVT-20260926-340C7A93,0.0,2,1,1.65,1.225,1.3469387755102038,2,0,0.0,2.0,2.917,0,industrial_urban
EVT-20260924-A0C12DA4,0.1,3,2,6.1,4.333333333333333,1.4076923076923078,3,0,0.0,3.0,6.606199999999999,0,industrial_urban
EVT-20260926-CE00B9E1,0.0,1,1,9.01,9.01,1.0,1,0,0.0,1.0,9.56,0,industrial_urban
EVT-20260926-CA705504,0.0,1,1,1.13,1.13,1.0,1,0,0.0,1.0,10.8702,0,industrial_urban
EVT-20260926-4E62D4CA,0.0,1,1,4.4,4.4,1.0,1,0,0.0,1.0,37.200900000000004,0,scrub_grass
EVT-20260926-C0802556,0.0,1,1,1.75,1.75,1.0,1,0,0.0,1.0,18.5556,0,unknown
EVT-20260926-ADBF2B56,0.0,1,1,2.77,2.77,1.0,1,0,0.0,1.0,126.6597,0,unknown
EVT-20260926-0BB119E8,0.0,1,1,5.74,5.74,1.0,1,0,0.0,1.0,145.3446,0,wetland
EVT-20260926-10CCE89E,0.0,1,1,1.89,1.89,1.0,1,0,0.0,1.0,27.3898,0,industrial_urban
EVT-20260926-3D94545B,0.0,1,1,2.58,2.58,1.0,1,0,0.0,1.0,114.2518,0,industrial_urban
EVT-20260926-05E81E9A,0.0,1,1,2.77,2.77,1.0,1,0,0.0,1.0,8.6868,0,industrial_urban
EVT-20260926-45183918,0.0,1,1,3.36,3.36,1.0,1,0,0.0,1.0,40.493,0,unknown
EVT-20260926-9882F5DD,0.0,1,1,3.57,3.57,1.0,1,0,0.0,1.0,186.33870000000002,0,industrial_urban
EVT-20260923-82CFE35A,0.1,2,2,1.95,1.265,1.541501976284585,0,2,1.0,2.0,5.842899999999999,0,industrial_urban
EVT-20260925-4C56974E,1.0,2,1,3.97,3.5,1.1342857142857143,2,0,0.0,2.0,7.4535,0,industrial_urban
EVT-20260926-347B5F37,0.0,1,1,4.14,4.14,1.0,1,0,0.0,1.0,15.7979,0,unknown
EVT-20260925-7D1F2830,0.0,4,2,6.57,6.1075,1.0757265656979125,4,0,0.0,4.0,228.54760000000002,0,unknown
EVT-20260924-C46663A9,0.0,1,1,4.3,4.3,1.0,1,0,0.0,1.0,494.4178,0,industrial_urban
EVT-20260924-5696B526,1.0,2,1,0.82,0.8049999999999999,1.0186335403726707,0,2,1.0,2.0,336.1185,0,unknown
EVT-20260925-B2D2DBDD,0.0,1,1,0.67,0.67,1.0,0,1,1.0,1.0,163.64229999999998,0,forest
EVT-20260921-6F7705B4,1.0,2,1,1.95,1.795,1.0863509749303621,0,2,1.0,2.0,8.9636,0,industrial_urban
EVT-20260925-39BE4313,0.0,1,1,1.04,1.04,1.0,0,1,1.0,1.0,8.9867,0,industrial_urban
EVT-20260925-7F3DD222,0.0,3,2,1.87,1.4400000000000002,1.298611111111111,0,3,1.0,3.0,71.4405,0,industrial_urban
EVT-20260921-B06EF109,4.0,14,2,1.66,0.9692857142857142,1.7126013264554165,0,14,1.0,3.5,5.237,0,unknown
EVT-20260925-86ABA142,0.0,1,1,0.73,0.73,1.0,0,1,1.0,1.0,19.9112,0,industrial_urban
EVT-20260925-CC125621,0.1,3,2,1.26,0.9400000000000001,1.3404255319148934,0,3,1.0,3.0,0.6862,1,industrial_urban
EVT-20260921-6E79CCBB,2.0,5,2,1.22,0.8240000000000001,1.4805825242718444,0,5,1.0,2.5,14.8189,0,unknown
EVT-20260924-C9D1ECAB,1.0,4,2,1.42,1.065,1.3333333333333333,0,4,1.0,4.0,14.4772,0,industrial_urban
EVT-20260925-E4412218,0.0,1,1,1.39,1.39,1.0,0,1,1.0,1.0,141.6685,0,industrial_urban
EVT-20260925-199726DE,0.0,1,1,0.58,0.58,1.0,0,1,1.0,1.0,53.352,0,unknown
EVT-20260921-12DB5BF7,2.0,5,2,1.26,0.9200000000000002,1.3695652173913042,0,5,1.0,2.5,164.9694,0,unknown
EVT-20260925-FC3B8E69,0.0,1,1,0.85,0.85,1.0,0,1,1.0,1.0,165.04760000000002,0,industrial_urban
EVT-20260925-163F0B81,0.0,2,2,1.05,0.97,1.0824742268041239,0,2,1.0,2.0,152.5662,0,industrial_urban
EVT-20260925-C69E1C12,0.0,1,1,0.75,0.75,1.0,0,1,1.0,1.0,116.7327,0,industrial_urban
EVT-20260922-7261AE1D,0.0,1,1,0.78,0.78,1.0,0,1,1.0,1.0,169.2176,0,unknown
EVT-20260925-389D2A9F,0.0,1,1,0.8,0.8,1.0,0,1,1.0,1.0,169.3537,0,unknown
EVT-20260921-11CD6ADA,1.0,2,1,1.94,1.655,1.1722054380664653,0,2,1.0,2.0,7.9937,0,unknown
EVT-20260923-689ED51F,2.0,3,2,1.25,1.0266666666666666,1.2175324675324677,0,3,1.0,1.5,8.0578,0,unknown
EVT-20260922-F90985F2,1.0,5,2,1.44,1.1520000000000001,1.2499999999999998,0,5,1.0,5.0,300.8364,0,unknown
EVT-20260924-6DD3008E,0.0,1,1,1.09,1.09,1.0,0,1,1.0,1.0,300.6063,0,unknown
EVT-20260925-4FF407E6,0.0,1,1,1.11,1.11,1.0,0,1,1.0,1.0,300.80190000000005,0,unknown
EVT-20260924-E8C5AE8E,0.0,4,2,8.02,4.555,1.760702524698134,4,0,0.0,4.0,2.76,0,industrial_urban
EVT-20260925-02EB1DDB,0.0,1,1,2.76,2.76,1.0,0,1,1.0,1.0,1.5568,0,industrial_urban
EVT-20260925-677A87AE,0.0,1,1,1.08,1.08,1.0,0,1,1.0,1.0,49.495,0,industrial_urban
EVT-20260925-6D53A386,0.0,1,1,1.15,1.15,1.0,0,1,1.0,1.0,14.758799999999999,0,industrial_urban
EVT-20260925-0F83CE94,0.0,2,2,1.62,1.2650000000000001,1.2806324110671936,0,2,1.0,2.0,13.3917,0,industrial_urban
EVT-20260922-4DB40BBB,0.0,1,1,6.74,6.74,1.0,1,0,0.0,1.0,4.0943000000000005,0,unknown
EVT-20260925-5A8A2514,0.0,2,2,1.54,1.21,1.2727272727272727,0,2,1.0,2.0,2.4749,0,industrial_urban
EVT-20260923-AAD1340F,0.0,2,2,6.36,4.875,1.3046153846153847,2,0,0.0,2.0,349.73429999999996,0,farmland
EVT-20260925-4DB84020,0.0,2,1,2.55,2.01,1.2686567164179106,0,2,1.0,2.0,350.2763,0,unknown
EVT-20260925-6CD571F8,0.0,1,1,1.87,1.87,1.0,0,1,1.0,1.0,16.7684,0,unknown
EVT-20260925-ECB75EAA,0.0,1,1,1.65,1.65,1.0,0,1,1.0,1.0,7.7895,0,unknown
EVT-20260922-05C148C1,0.0,1,1,0.8,0.8,1.0,0,1,1.0,1.0,21.689,0,industrial_urban
EVT-20260925-8D7DB54A,0.0,1,1,2.3,2.3,1.0,0,1,1.0,1.0,21.8487,0,industrial_urban
EVT-20260925-E2724223,0.0,1,1,0.94,0.94,1.0,0,1,1.0,1.0,10.8355,0,industrial_urban
EVT-20260922-B337F83C,3.0,7,2,2.17,1.3514285714285716,1.6057082452431286,0,7,1.0,2.3333333333333335,2.1478,0,wetland
EVT-20260925-137E793C,0.0,3,1,2.71,2.04,1.3284313725490196,0,3,1.0,3.0,2.3981,0,industrial_urban
EVT-20260925-EA77BE1A,0.0,1,1,3.19,3.19,1.0,0,1,1.0,1.0,80.1645,0,forest
EVT-20260924-40588432,1.0,15,2,12.15,8.352666666666668,1.4546252693750497,15,0,0.0,15.0,138.4903,0,unknown
EVT-20260922-F8063741,0.0,2,1,5.01,4.755,1.0536277602523658,2,0,0.0,2.0,120.0613,0,industrial_urban
EVT-20260925-21459AAA,0.0,3,2,9.61,5.623333333333332,1.7089508002371074,3,0,0.0,3.0,117.0198,0,industrial_urban
EVT-20260924-11C1D124,1.0,4,2,14.24,7.52,1.893617021276596,4,0,0.0,4.0,120.91189999999999,0,industrial_urban
EVT-20260925-64113C46,0.0,1,1,10.29,10.29,1.0,1,0,0.0,1.0,157.80110000000002,0,industrial_urban
EVT-20260925-C451A3E8,0.0,1,1,2.37,2.37,1.0,1,0,0.0,1.0,77.3725,0,unknown
EVT-20260925-D03663C6,0.0,1,1,2.51,2.51,1.0,1,0,0.0,1.0,27.168200000000002,0,unknown
EVT-20260925-44E10604,0.0,1,1,3.76,3.76,1.0,1,0,0.0,1.0,157.4888,0,industrial_urban
EVT-20260925-9936FF83,0.0,1,1,15.13,15.13,1.0,1,0,0.0,1.0,51.097199999999994,0,forest
EVT-20260925-0D82496D,0.0,1,1,14.54,14.54,1.0,1,0,0.0,1.0,73.996,0,industrial_urban
EVT-20260923-E25A99F0,0.0,1,1,2.01,2.01,1.0,0,1,1.0,1.0,4.6312,0,industrial_urban
EVT-20260924-CBEB21E6,0.5,7,2,9.86,4.854285714285714,2.0311948204826367,3,4,0.5714285714285714,7.0,4.5394,0,industrial_urban
EVT-20260921-3C4BB462,3.5,25,3,27.72,9.3072,2.978339350180505,12,13,0.52,7.142857142857143,146.95,0,unknown
EVT-20260921-06E00F56,0.0,1,1,1.46,1.46,1.0,0,1,1.0,1.0,8.842799999999999,0,industrial_urban
EVT-20260925-5B979E05,0.0,1,1,2.26,2.26,1.0,1,0,0.0,1.0,10.633299999999998,0,industrial_urban
EVT-20260925-8633CD16,0.0,1,1,2.05,2.05,1.0,1,0,0.0,1.0,26.9715,0,unknown
EVT-20260923-88F7FA34,0.0,1,1,7.09,7.09,1.0,1,0,0.0,1.0,11.4095,0,industrial_urban
EVT-20260925-61F6C8D5,0.0,1,1,2.71,2.71,1.0,1,0,0.0,1.0,11.4339,0,industrial_urban
EVT-20260924-5B36C5E1,1.0,3,2,20.76,12.396666666666667,1.6746437214304921,3,0,0.0,3.0,130.4221,0,unknown
EVT-20260925-3573C56F,0.0,1,1,2.2,2.2,1.0,1,0,0.0,1.0,148.5674,0,industrial_urban
EVT-20260925-337B4CD1,0.0,1,1,2.91,2.91,1.0,1,0,0.0,1.0,113.5473,0,unknown
EVT-20260925-094269D4,0.0,1,1,2.33,2.33,1.0,1,0,0.0,1.0,177.18689999999998,0,unknown
EVT-20260925-CFC7CBC1,0.0,1,1,1.86,1.86,1.0,1,0,0.0,1.0,273.0585,0,unknown
EVT-20260925-0CFD9705,0.0,1,1,3.2,3.2,1.0,1,0,0.0,1.0,18.6236,0,unknown
EVT-20260925-DE74D506,0.0,1,1,9.99,9.99,1.0,1,0,0.0,1.0,112.88980000000001,0,farmland
EVT-20260925-95FE63F7,0.0,1,1,19.78,19.78,1.0,1,0,0.0,1.0,16.3899,0,industrial_urban
EVT-20260925-4A09D382,0.0,1,1,5.89,5.89,1.0,1,0,0.0,1.0,11.8817,0,unknown
EVT-20260925-43319A3E,0.0,1,1,3.27,3.27,1.0,1,0,0.0,1.0,672.1286,0,industrial_urban
EVT-20260925-80B96AFC,0.0,1,1,4.88,4.88,1.0,1,0,0.0,1.0,375.61940000000004,0,forest
EVT-20260925-7654EC1E,0.0,1,1,4.44,4.44,1.0,1,0,0.0,1.0,134.37120000000002,0,industrial_urban
EVT-20260925-833A4B22,0.0,1,1,4.09,4.09,1.0,1,0,0.0,1.0,110.0188,0,forest
EVT-20260925-237B93CD,0.0,1,1,8.84,8.84,1.0,1,0,0.0,1.0,54.1611,0,industrial_urban
EVT-20260925-CE91682A,0.0,1,1,4.98,4.98,1.0,1,0,0.0,1.0,48.6278,0,industrial_urban
EVT-20260925-AA9D702B,0.0,1,1,3.59,3.59,1.0,1,0,0.0,1.0,28.3087,0,industrial_urban
EVT-20260925-C3B248BC,0.0,1,1,4.49,4.49,1.0,1,0,0.0,1.0,21.6525,0,unknown
EVT-20260925-2CD1DBA4,0.0,2,2,2.73,2.66,1.026315789473684,2,0,0.0,2.0,12.8079,0,unknown
EVT-20260925-DFEAB7D1,0.0,1,1,2.91,2.91,1.0,1,0,0.0,1.0,62.956,0,industrial_urban
EVT-20260925-4561C35B,0.0,1,1,2.2,2.2,1.0,1,0,0.0,1.0,12.967,0,forest
EVT-20260925-FE9F026E,0.0,1,1,3.25,3.25,1.0,1,0,0.0,1.0,2.1153000000000004,0,industrial_urban
EVT-20260925-B566FDFE,0.0,1,1,2.7,2.7,1.0,1,0,0.0,1.0,5.7095,0,unknown
EVT-20260925-32092378,0.0,1,1,5.06,5.06,1.0,1,0,0.0,1.0,150.82920000000001,0,unknown
EVT-20260925-942266F4,0.0,1,1,14.98,14.98,1.0,1,0,0.0,1.0,36.0012,0,unknown
EVT-20260925-30833AC7,0.0,1,1,4.5,4.5,1.0,1,0,0.0,1.0,4.4271,0,farmland
EVT-20260922-4462638A,0.0,1,1,3.37,3.37,1.0,1,0,0.0,1.0,40.7689,0,industrial_urban
EVT-20260924-5308D667,0.0,1,1,1.9,1.9,1.0,1,0,0.0,1.0,39.1828,0,industrial_urban
EVT-20260923-309B4ADA,0.0,1,1,2.58,2.58,1.0,1,0,0.0,1.0,355.38509999999997,0,farmland
EVT-20260923-CB97557F,0.0,1,1,8.31,8.31,1.0,1,0,0.0,1.0,269.13559999999995,0,industrial_urban
EVT-20260923-F22B5F96,0.0,1,1,3.08,3.08,1.0,1,0,0.0,1.0,127.6375,0,farmland
EVT-20260922-FEBA7913,1.0,2,2,3.72,2.8,1.3285714285714287,2,0,0.0,2.0,88.93860000000001,0,farmland
EVT-20260923-C75394ED,0.0,1,1,3.04,3.04,1.0,1,0,0.0,1.0,17.1378,0,industrial_urban
EVT-20260923-A6F52C0A,0.0,1,1,5.37,5.37,1.0,1,0,0.0,1.0,11.825299999999999,0,unknown
EVT-20260923-E8E48C1D,0.1,2,2,1.28,0.915,1.3989071038251366,0,2,1.0,2.0,11.8847,0,industrial_urban
EVT-20260922-45925B3E,1.0,4,2,1.69,1.0325,1.6368038740920097,0,4,1.0,4.0,4.528,0,unknown
EVT-20260923-D88A81C8,0.0,3,2,1.84,1.5866666666666667,1.1596638655462186,0,3,1.0,3.0,10.4006,0,industrial_urban
EVT-20260923-03CA89C7,0.0,1,1,0.95,0.95,1.0,0,1,1.0,1.0,0.6303,5,industrial_urban
EVT-20260923-94183A5A,0.0,2,1,1.4,1.4,1.0,0,2,1.0,2.0,5.1284,0,industrial_urban
EVT-20260921-00697E14,2.0,7,2,0.83,0.6171428571428571,1.3449074074074074,0,7,1.0,3.5,0.5021,3,industrial_urban
EVT-20260923-F99B81C5,0.0,2,2,1.03,0.89,1.1573033707865168,0,2,1.0,2.0,2.2681999999999998,0,industrial_urban
EVT-20260923-0A90717C,0.0,1,1,0.55,0.55,1.0,0,1,1.0,1.0,4.3762,0,industrial_urban
EVT-20260923-AA2EF97D,0.0,1,1,0.46,0.46,1.0,0,1,1.0,1.0,14.491200000000001,0,industrial_urban
EVT-20260923-6BD7C9E7,0.0,1,1,0.89,0.89,1.0,0,1,1.0,1.0,12.523700000000002,0,industrial_urban
EVT-20260922-81DA6081,1.0,2,1,1.42,1.06,1.3396226415094339,0,2,1.0,2.0,0.2434,1,industrial_urban
EVT-20260923-1F57B77D,0.0,2,2,0.43,0.33,1.303030303030303,0,2,1.0,2.0,9.1866,0,industrial_urban
EVT-20260923-071E0D28,0.0,1,1,0.8,0.8,1.0,0,1,1.0,1.0,8.2057,0,industrial_urban
EVT-20260923-F81BBA33,0.0,1,1,0.7,0.7,1.0,0,1,1.0,1.0,1.3235,0,industrial_urban
EVT-20260923-CAB67DC8,0.0,2,2,1.04,1.0150000000000001,1.024630541871921,0,2,1.0,2.0,147.309,0,industrial_urban
EVT-20260924-A60E5165,0.0,1,1,7.12,7.12,1.0,1,0,0.0,1.0,3.0984000000000003,0,unknown
EVT-20260924-E865B913,0.0,2,2,6.06,4.24,1.4292452830188678,2,0,0.0,2.0,35.087199999999996,0,forest
EVT-20260924-356B9B1E,0.0,2,2,10.83,7.795,1.389352148813342,2,0,0.0,2.0,13.0559,0,forest
EVT-20260924-12687D58,0.0,1,1,3.02,3.02,1.0,1,0,0.0,1.0,10.046100000000001,0,industrial_urban
EVT-20260924-D5E13BB5,0.0,1,1,3.0,3.0,1.0,1,0,0.0,1.0,122.38839999999999,0,industrial_urban
EVT-20260924-82DBD921,0.0,1,1,11.65,11.65,1.0,1,0,0.0,1.0,27.5571,0,industrial_urban
EVT-20260924-EB5E9F7C,0.0,2,1,5.69,4.495,1.2658509454949944,2,0,0.0,2.0,49.945800000000006,0,industrial_urban
EVT-20260924-BDCAF52C,0.0,1,1,4.54,4.54,1.0,1,0,0.0,1.0,239.04729999999998,0,unknown
EVT-20260924-F2484548,0.0,1,1,1.19,1.19,1.0,0,1,1.0,1.0,6.0122,0,farmland
EVT-20260923-DA6B4EB8,0.0,1,1,4.11,4.11,1.0,1,0,0.0,1.0,630.3118000000001,0,forest
EVT-20260923-042250C3,0.0,1,1,8.15,8.15,1.0,1,0,0.0,1.0,333.118,0,farmland
EVT-20260923-9803472F,0.0,1,1,1.55,1.55,1.0,1,0,0.0,1.0,311.4349,0,farmland
EVT-20260923-79284B8A,0.0,1,1,8.15,8.15,1.0,1,0,0.0,1.0,193.0464,0,farmland
EVT-20260923-65C2DF83,0.0,1,1,3.66,3.66,1.0,1,0,0.0,1.0,187.9482,0,forest
EVT-20260923-6BBBBBD9,0.0,1,1,6.24,6.24,1.0,1,0,0.0,1.0,2.5899,0,industrial_urban
EVT-20260923-F29B4DEF,0.0,1,1,2.94,2.94,1.0,1,0,0.0,1.0,14.376100000000001,0,industrial_urban
EVT-20260923-8C40FA16,0.0,1,1,2.16,2.16,1.0,1,0,0.0,1.0,5.4588,0,industrial_urban
EVT-20260922-F4838F23,1.0,3,1,2.75,2.44,1.1270491803278688,3,0,0.0,3.0,22.49,0,industrial_urban
EVT-20260923-5D61F3EF,0.0,1,1,1.89,1.89,1.0,1,0,0.0,1.0,9.2378,0,unknown
EVT-20260923-681D3FC1,0.0,1,1,3.5,3.5,1.0,1,0,0.0,1.0,25.3891,0,industrial_urban
EVT-20260923-17DB7737,0.0,1,1,1.79,1.79,1.0,1,0,0.0,1.0,8.5877,0,unknown
EVT-20260923-AA06B672,0.0,1,1,1.64,1.64,1.0,1,0,0.0,1.0,6.733899999999999,0,industrial_urban
EVT-20260923-08C673B9,0.0,1,1,2.27,2.27,1.0,1,0,0.0,1.0,14.9369,0,unknown
EVT-20260923-92928D69,0.0,1,1,2.0,2.0,1.0,1,0,0.0,1.0,155.42239999999998,0,unknown
EVT-20260922-B2ED206E,1.0,2,1,2.72,2.615,1.0401529636711282,2,0,0.0,2.0,21.5792,0,forest
EVT-20260923-4C2FDC21,0.0,1,1,1.94,1.94,1.0,1,0,0.0,1.0,7.2546,0,industrial_urban
EVT-20260922-49087CD6,1.0,3,2,4.83,3.856666666666667,1.2523768366464996,3,0,0.0,3.0,15.479700000000001,0,industrial_urban
EVT-20260923-CA365335,0.0,1,1,2.17,2.17,1.0,1,0,0.0,1.0,14.091899999999999,0,unknown
EVT-20260922-DBD21ABC,1.0,2,2,4.28,3.2800000000000002,1.3048780487804879,2,0,0.0,2.0,11.869200000000001,0,industrial_urban
EVT-20260923-578017A2,0.0,1,1,3.07,3.07,1.0,1,0,0.0,1.0,175.0779,0,unknown
EVT-20260923-9ADE8F8B,0.0,1,1,3.12,3.12,1.0,1,0,0.0,1.0,66.5703,0,unknown
EVT-20260923-AD32687E,0.0,1,1,4.76,4.76,1.0,1,0,0.0,1.0,173.2944,0,forest
EVT-20260923-049E7B23,0.0,1,1,2.02,2.02,1.0,1,0,0.0,1.0,5.4462,0,industrial_urban
EVT-20260923-D4464FEB,0.0,1,1,3.83,3.83,1.0,1,0,0.0,1.0,3.3078000000000003,0,industrial_urban
EVT-20260923-511A16DB,0.0,1,1,3.89,3.89,1.0,1,0,0.0,1.0,208.8039,0,unknown
EVT-20260923-4CAFE2E5,0.0,1,1,2.73,2.73,1.0,1,0,0.0,1.0,40.7828,0,industrial_urban
EVT-20260923-9388A171,0.0,1,1,5.6,5.6,1.0,1,0,0.0,1.0,11.1811,0,industrial_urban
EVT-20260923-F628ACCE,0.0,1,1,1.82,1.82,1.0,1,0,0.0,1.0,1.5032,0,industrial_urban
EVT-20260923-9DAE6DBB,0.0,1,1,1.67,1.67,1.0,1,0,0.0,1.0,215.6205,0,industrial_urban
EVT-20260922-E7866784,2.0,4,2,2.7,1.8499999999999999,1.4594594594594597,0,4,1.0,2.0,0.3405,1,unknown
EVT-20260923-A11D3D72,0.0,1,1,1.5,1.5,1.0,0,1,1.0,1.0,10.314200000000001,0,unknown
EVT-20260923-0B917457,0.0,1,1,1.56,1.56,1.0,0,1,1.0,1.0,4.083699999999999,0,industrial_urban
EVT-20260923-70406C85,0.0,1,1,1.01,1.01,1.0,0,1,1.0,1.0,2.3373000000000004,0,farmland
EVT-20260923-C362FFF0,0.0,1,1,0.43,0.43,1.0,0,1,1.0,1.0,15.5272,0,forest
EVT-20260924-33D43277,0.0,1,1,2.66,2.66,1.0,1,0,0.0,1.0,4.263199999999999,0,unknown
EVT-20260924-A5AD40D1,0.0,1,1,2.11,2.11,1.0,1,0,0.0,1.0,20.4415,0,industrial_urban
EVT-20260924-17F6BBE2,0.0,4,1,24.72,24.52,1.0081566068515497,4,0,0.0,4.0,61.874199999999995,0,unknown
EVT-20260924-41B37C23,0.0,1,1,4.5,4.5,1.0,1,0,0.0,1.0,15.330200000000001,0,industrial_urban
EVT-20260924-7B9DB8B0,0.0,1,1,1.4,1.4,1.0,1,0,0.0,1.0,140.4709,0,unknown
EVT-20260924-5A09FB99,0.0,1,1,2.69,2.69,1.0,1,0,0.0,1.0,254.2314,0,unknown
EVT-20260924-63939C35,0.0,1,1,5.97,5.97,1.0,1,0,0.0,1.0,3.1551,0,industrial_urban
EVT-20260924-E565E891,0.0,1,1,2.54,2.54,1.0,1,0,0.0,1.0,10.691799999999999,0,industrial_urban
EVT-20260924-3D3D2171,0.0,1,1,3.96,3.96,1.0,1,0,0.0,1.0,28.0478,0,unknown
EVT-20260924-7C93764C,0.0,1,1,2.73,2.73,1.0,1,0,0.0,1.0,13.837299999999999,0,farmland
EVT-20260924-BB97F337,0.0,1,1,5.15,5.15,1.0,1,0,0.0,1.0,209.0849,0,unknown
EVT-20260924-138B41A8,0.0,1,1,1.77,1.77,1.0,1,0,0.0,1.0,78.04339999999999,0,unknown
EVT-20260922-AEDF4B2A,0.0,2,2,1.54,1.33,1.1578947368421053,0,2,1.0,2.0,2.4816,0,industrial_urban
EVT-20260924-102D77BE,0.0,1,1,3.65,3.65,1.0,1,0,0.0,1.0,3.1921,0,industrial_urban
EVT-20260924-2D9BB573,0.0,2,1,4.85,4.505,1.076581576026637,2,0,0.0,2.0,266.45259999999996,0,unknown
EVT-20260924-4623FE2E,0.1,2,2,0.67,0.56,1.1964285714285714,0,2,1.0,2.0,310.32329999999996,0,industrial_urban
EVT-20260922-A360E5C8,0.0,1,1,0.81,0.81,1.0,0,1,1.0,1.0,16.8033,0,farmland
EVT-20260924-60729A63,0.0,1,1,0.73,0.73,1.0,0,1,1.0,1.0,19.3898,0,industrial_urban
EVT-20260924-10D3C5D9,0.0,1,1,1.07,1.07,1.0,0,1,1.0,1.0,56.3266,0,industrial_urban
EVT-20260924-47E867ED,0.0,1,1,0.75,0.75,1.0,0,1,1.0,1.0,0.8954,1,industrial_urban
EVT-20260924-B198AFC9,0.0,2,1,0.43,0.35,1.2285714285714286,0,2,1.0,2.0,6.4676,0,forest
EVT-20260924-89ED7393,0.0,1,1,1.51,1.51,1.0,0,1,1.0,1.0,10.3461,0,unknown
EVT-20260923-0A2EFCD5,0.0,1,1,7.26,7.26,1.0,1,0,0.0,1.0,0.3512,20,industrial_urban
EVT-20260923-1D0E0C2C,0.0,1,1,13.01,13.01,1.0,1,0,0.0,1.0,413.69140000000004,0,unknown
EVT-20260923-F5639392,0.0,1,1,15.74,15.74,1.0,1,0,0.0,1.0,340.019,0,unknown
EVT-20260923-88B2B015,0.0,1,1,7.57,7.57,1.0,1,0,0.0,1.0,43.6817,0,forest
EVT-20260923-B71FF185,0.0,1,1,7.83,7.83,1.0,1,0,0.0,1.0,47.3411,0,unknown
EVT-20260923-B8148408,0.0,1,1,7.9,7.9,1.0,1,0,0.0,1.0,10.1928,0,scrub_grass
EVT-20260923-20FE233D,0.0,1,1,25.62,25.62,1.0,1,0,0.0,1.0,230.9853,0,unknown
EVT-20260923-CB054B68,0.0,1,1,6.8,6.8,1.0,1,0,0.0,1.0,5.216,0,industrial_urban
EVT-20260924-536F2D0F,0.0,2,1,14.92,14.76,1.010840108401084,2,0,0.0,2.0,116.417,0,unknown
EVT-20260924-3C0788F0,0.0,1,1,7.12,7.12,1.0,1,0,0.0,1.0,42.430099999999996,0,unknown
EVT-20260924-85AE95C3,0.0,2,1,21.18,17.545,1.207181533200342,2,0,0.0,2.0,134.5784,0,industrial_urban
EVT-20260924-408A4D04,0.0,1,1,16.94,16.94,1.0,1,0,0.0,1.0,10.1273,0,unknown
EVT-20260924-2EAEED82,0.0,1,1,12.01,12.01,1.0,1,0,0.0,1.0,18.143,0,forest
EVT-20260922-AEA93966,0.0,2,1,10.02,9.61,1.0426638917793964,2,0,0.0,2.0,13.8349,0,industrial_urban
EVT-20260922-682503E3,0.0,1,1,1.12,1.12,1.0,0,1,1.0,1.0,174.9102,0,industrial_urban
EVT-20260922-723067D3,0.0,2,1,1.31,1.07,1.2242990654205608,0,2,1.0,2.0,16.1233,0,unknown
EVT-20260922-5EA08977,0.1,2,2,1.09,0.8700000000000001,1.2528735632183907,0,2,1.0,2.0,168.86610000000002,0,industrial_urban
EVT-20260921-F184D8C2,0.0,1,1,1.09,1.09,1.0,0,1,1.0,1.0,0.1671,1,unknown
EVT-20260921-19F0A648,1.0,2,1,1.35,0.98,1.3775510204081634,0,2,1.0,2.0,2.7476,0,unknown
EVT-20260922-C7167F42,0.0,1,1,4.2,4.2,1.0,1,0,0.0,1.0,0.42160000000000003,2,unknown
EVT-20260922-24FD4325,0.0,2,1,13.45,12.51,1.0751398880895284,2,0,0.0,2.0,1.0837999999999999,0,unknown
EVT-20260922-D484E268,0.0,1,1,0.67,0.67,1.0,0,1,1.0,1.0,6.1674,0,industrial_urban
EVT-20260922-D6CCD1FF,0.0,3,1,1.4,1.04,1.346153846153846,0,3,1.0,3.0,143.429,0,unknown
EVT-20260921-D781F79B,0.0,1,1,0.6,0.6,1.0,0,1,1.0,1.0,141.6365,0,unknown
EVT-20260922-E246C0FE,0.0,1,1,6.13,6.13,1.0,1,0,0.0,1.0,291.02729999999997,0,unknown
EVT-20260922-0D0CBA50,0.0,1,1,4.38,4.38,1.0,1,0,0.0,1.0,14.485899999999999,0,unknown
EVT-20260922-DF90AA9E,0.0,1,1,4.67,4.67,1.0,1,0,0.0,1.0,6.054,0,unknown
EVT-20260921-DD2401C1,0.0,1,1,2.14,2.14,1.0,0,1,1.0,1.0,3.5805,0,industrial_urban
EVT-20260921-A8DFE103,0.0,2,1,0.71,0.685,1.0364963503649633,0,2,1.0,2.0,20.5545,0,unknown
EVT-20260921-8AC65095,0.0,1,1,0.84,0.84,1.0,0,1,1.0,1.0,1.5976,0,industrial_urban
EVT-20260922-05E23B5B,0.0,1,1,7.57,7.57,1.0,1,0,0.0,1.0,2.9455,0,unknown
EVT-20260922-FD1103DB,0.0,1,1,0.38,0.38,1.0,0,1,1.0,1.0,5.8377,0,unknown
EVT-20260921-19BD3744,0.0,1,1,0.61,0.61,1.0,0,1,1.0,1.0,15.1774,0,industrial_urban
EVT-20260921-6FE82F6F,0.0,2,1,1.78,1.705,1.0439882697947214,0,2,1.0,2.0,0.4054,3,industrial_urban
EVT-20260922-63E86C2A,0.0,1,1,1.85,1.85,1.0,1,0,0.0,1.0,501.448,0,industrial_urban
EVT-20260922-C89DBBF6,0.0,1,1,8.11,8.11,1.0,1,0,0.0,1.0,359.8299,0,unknown
EVT-20260922-9AAD995F,0.0,1,1,6.04,6.04,1.0,1,0,0.0,1.0,302.19370000000004,0,farmland
EVT-20260922-9AAF0984,0.0,1,1,4.65,4.65,1.0,1,0,0.0,1.0,236.83720000000002,0,farmland
EVT-20260922-04E478A5,0.0,1,1,4.18,4.18,1.0,1,0,0.0,1.0,258.3232,0,farmland
EVT-20260922-DD3B443C,0.0,3,2,6.69,3.51,1.9059829059829063,3,0,0.0,3.0,149.7995,0,forest
EVT-20260922-077252C0,0.0,1,1,10.65,10.65,1.0,1,0,0.0,1.0,2.6985,0,forest
EVT-20260922-72FB28A3,0.0,1,1,1.5,1.5,1.0,1,0,0.0,1.0,6.0312,0,industrial_urban
EVT-20260922-E0C815BD,0.0,1,1,2.92,2.92,1.0,1,0,0.0,1.0,12.736799999999999,0,industrial_urban
EVT-20260922-4034947D,0.0,1,1,3.18,3.18,1.0,1,0,0.0,1.0,12.5656,0,unknown
EVT-20260922-FF404FB6,0.0,2,1,2.49,2.49,1.0,2,0,0.0,2.0,118.9232,0,farmland
EVT-20260922-D3C2757E,0.0,1,1,2.85,2.85,1.0,1,0,0.0,1.0,10.6039,0,industrial_urban
EVT-20260922-544F2E42,0.0,1,1,2.89,2.89,1.0,1,0,0.0,1.0,0.7001000000000001,1,industrial_urban
EVT-20260922-18AA32C3,0.0,1,1,2.7,2.7,1.0,1,0,0.0,1.0,40.4125,0,unknown
EVT-20260922-328DB76E,0.0,2,1,5.34,5.205,1.0259365994236311,2,0,0.0,2.0,9.696299999999999,0,industrial_urban
EVT-20260922-6DFB0524,0.0,1,1,2.8,2.8,1.0,1,0,0.0,1.0,12.893799999999999,0,farmland
EVT-20260922-2D1AE308,0.0,1,1,3.8,3.8,1.0,1,0,0.0,1.0,6.0861,0,industrial_urban
EVT-20260922-9310F2C9,0.0,1,1,6.22,6.22,1.0,1,0,0.0,1.0,163.02620000000002,0,unknown
EVT-20260922-90BBFA75,0.1,4,2,18.85,8.5175,2.213090695626651,4,0,0.0,4.0,137.5461,0,farmland
EVT-20260922-AD0D3852,0.0,1,1,9.22,9.22,1.0,1,0,0.0,1.0,18.5397,0,unknown
EVT-20260922-3E1980D1,0.0,2,2,13.44,9.325,1.4412868632707776,2,0,0.0,2.0,119.2559,0,unknown
EVT-20260922-A3DC93D7,0.0,1,1,4.08,4.08,1.0,1,0,0.0,1.0,63.055800000000005,0,unknown
EVT-20260922-89D4BC22,0.0,1,1,4.5,4.5,1.0,1,0,0.0,1.0,18.1986,0,industrial_urban
EVT-20260922-391724C3,0.0,1,1,2.81,2.81,1.0,1,0,0.0,1.0,15.7542,0,industrial_urban
EVT-20260922-39BDF4C4,0.0,1,1,5.98,5.98,1.0,1,0,0.0,1.0,46.486599999999996,0,industrial_urban
EVT-20260922-68AF1BCE,0.0,1,1,2.71,2.71,1.0,1,0,0.0,1.0,16.9995,0,industrial_urban
EVT-20260922-26349DA7,0.0,1,1,1.76,1.76,1.0,1,0,0.0,1.0,10.9568,0,industrial_urban
EVT-20260922-7EDB45BE,0.0,1,1,2.43,2.43,1.0,1,0,0.0,1.0,17.939400000000003,0,forest
EVT-20260922-F3E4D65C,0.0,1,1,2.04,2.04,1.0,1,0,0.0,1.0,53.808699999999995,0,farmland
EVT-20260922-AAB35E7A,0.0,1,1,28.31,28.31,1.0,1,0,0.0,1.0,5.869800000000001,0,unknown
EVT-20260922-EEB79E3D,0.0,1,1,11.86,11.86,1.0,1,0,0.0,1.0,34.3116,0,industrial_urban
EVT-20260922-5AFE3D30,0.0,3,2,5.58,4.623333333333334,1.2069214131218455,3,0,0.0,3.0,193.3434,0,unknown
EVT-20260922-069946F8,0.0,2,1,4.65,3.9450000000000003,1.1787072243346008,2,0,0.0,2.0,112.08919999999999,0,industrial_urban
EVT-20260922-3DC8D480,0.0,2,2,0.89,0.74,1.2027027027027026,0,2,1.0,2.0,140.50060000000002,0,forest
EVT-20260922-4545C0BC,0.0,2,2,1.49,1.3399999999999999,1.111940298507463,0,2,1.0,2.0,12.2488,0,industrial_urban
EVT-20260922-85322B89,0.0,3,2,2.06,1.3533333333333335,1.5221674876847289,0,3,1.0,3.0,2.6839,0,industrial_urban
EVT-20260922-E6ED4104,0.0,1,1,0.76,0.76,1.0,0,1,1.0,1.0,0.19669999999999999,4,industrial_urban
EVT-20260922-A4476CFC,0.0,2,1,0.73,0.6799999999999999,1.073529411764706,0,2,1.0,2.0,0.8072,1,industrial_urban
EVT-20260922-535DB9FC,0.0,1,1,0.37,0.37,1.0,0,1,1.0,1.0,14.486799999999999,0,industrial_urban
EVT-20260922-FE8A5768,0.0,2,2,1.87,1.735,1.0778097982708934,0,2,1.0,2.0,2.1065,0,industrial_urban
EVT-20260922-66FD618F,0.5,4,2,6.54,2.5375,2.5773399014778327,1,3,0.75,4.0,336.1472,0,unknown
EVT-20260922-B5BF4740,0.0,1,1,1.15,1.15,1.0,0,1,1.0,1.0,28.3445,0,unknown
EVT-20260924-718B8487,0.0,1,1,1.9,1.9,1.0,0,1,1.0,1.0,57.628800000000005,0,wetland
EVT-20260924-C5F5549E,0.0,6,1,1.39,0.965,1.4404145077720207,0,6,1.0,6.0,2.2574,0,industrial_urban
EVT-20260924-BA12ADBD,0.0,6,1,0.76,0.5466666666666667,1.3902439024390243,0,6,1.0,6.0,1.5531,0,scrub_grass
EVT-20260924-59414AC8,0.0,1,1,0.96,0.96,1.0,0,1,1.0,1.0,4.562,0,industrial_urban
EVT-20260922-0C8A347B,0.0,1,1,4.18,4.18,1.0,1,0,0.0,1.0,117.7837,0,farmland
EVT-20260925-B18F719B,0.0,1,1,4.94,4.94,1.0,1,0,0.0,1.0,121.2567,0,unknown
EVT-20260921-139871B8,0.0,1,1,0.7,0.7,1.0,0,1,1.0,1.0,3.3341999999999996,0,unknown
EVT-20260921-8BED219B,0.0,1,1,1.54,1.54,1.0,0,1,1.0,1.0,260.8752,0,industrial_urban
EVT-20260921-2E27437C,0.0,2,1,4.06,2.8699999999999997,1.4146341463414633,0,2,1.0,2.0,17.580299999999998,0,unknown
EVT-20260921-A2D51DAD,0.0,1,1,0.4,0.4,1.0,0,1,1.0,1.0,2.0656,0,industrial_urban
EVT-20260921-3D033048,0.0,1,1,0.68,0.68,1.0,0,1,1.0,1.0,36.6361,0,industrial_urban
EVT-20260921-FB1BB11B,0.0,1,1,0.43,0.43,1.0,0,1,1.0,1.0,46.5963,0,forest
EVT-20260921-BA8D5888,0.0,1,1,1.59,1.59,1.0,0,1,1.0,1.0,34.1592,0,industrial_urban
EVT-20260921-7E288008,0.0,1,1,1.88,1.88,1.0,0,1,1.0,1.0,191.32410000000002,0,unknown
EVT-20260921-412292F4,0.0,1,1,0.63,0.63,1.0,0,1,1.0,1.0,0.1169,3,industrial_urban
EVT-20260922-8ACB6403,0.0,1,1,2.4,2.4,1.0,1,0,0.0,1.0,509.9978,0,industrial_urban
EVT-20260922-B47287E3,0.0,1,1,2.69,2.69,1.0,1,0,0.0,1.0,33.8717,0,farmland
EVT-20260922-B8BE458D,0.0,1,1,2.43,2.43,1.0,1,0,0.0,1.0,386.8445,0,industrial_urban
EVT-20260922-41724776,0.0,15,1,7.78,5.445333333333334,1.4287463271302643,15,0,0.0,15.0,932.2133,0,unknown
EVT-20260922-4137B8D7,0.0,1,1,3.46,3.46,1.0,1,0,0.0,1.0,19.6995,0,industrial_urban
EVT-20260922-2B43C555,0.0,1,1,1.87,1.87,1.0,1,0,0.0,1.0,197.5854,0,unknown
EVT-20260924-D6EBF1AF,0.0,2,1,2.47,2.06,1.1990291262135924,2,0,0.0,2.0,197.046,0,unknown
EVT-20260922-DD8A1B55,0.0,1,1,4.96,4.96,1.0,1,0,0.0,1.0,7.7059,0,unknown
EVT-20260922-03643B98,0.0,2,1,2.81,2.3200000000000003,1.211206896551724,2,0,0.0,2.0,5.1961,0,unknown
EVT-20260922-9EC6D265,0.0,1,1,2.41,2.41,1.0,1,0,0.0,1.0,7.1283,0,industrial_urban
EVT-20260922-FAE6EA74,0.0,2,1,1.71,1.71,1.0,2,0,0.0,2.0,5.142,0,unknown
EVT-20260922-190ED3E8,0.0,1,1,3.74,3.74,1.0,1,0,0.0,1.0,25.693099999999998,0,farmland
EVT-20260922-991678BE,0.0,1,1,2.46,2.46,1.0,1,0,0.0,1.0,8.994299999999999,0,scrub_grass
EVT-20260922-C0C5E37B,0.0,1,1,3.13,3.13,1.0,1,0,0.0,1.0,6.980600000000001,0,unknown
EVT-20260922-DAEEFE45,0.0,1,1,5.29,5.29,1.0,1,0,0.0,1.0,7.2734,0,unknown
EVT-20260922-075C6B07,0.0,1,1,2.54,2.54,1.0,1,0,0.0,1.0,3.4419,0,industrial_urban
EVT-20260922-4345B7AB,0.0,1,1,1.64,1.64,1.0,1,0,0.0,1.0,10.8464,0,unknown
EVT-20260922-3A6F62FD,0.0,1,1,3.72,3.72,1.0,1,0,0.0,1.0,12.7552,0,forest
EVT-20260922-87F780A9,0.0,1,1,3.84,3.84,1.0,1,0,0.0,1.0,3.189,0,industrial_urban
EVT-20260922-064857BE,0.0,1,1,1.49,1.49,1.0,1,0,0.0,1.0,3.4519,0,unknown
EVT-20260922-321A81D9,0.0,1,1,3.44,3.44,1.0,1,0,0.0,1.0,2.2584,0,industrial_urban
EVT-20260922-80AE834B,0.0,1,1,2.04,2.04,1.0,1,0,0.0,1.0,6.2761000000000005,0,farmland
EVT-20260922-C18B4A6C,0.0,1,1,3.58,3.58,1.0,1,0,0.0,1.0,22.914900000000003,0,unknown
EVT-20260922-1671DFDB,0.0,1,1,2.13,2.13,1.0,1,0,0.0,1.0,3.8807,0,industrial_urban
EVT-20260922-BE55A496,0.0,2,1,2.99,2.725,1.0972477064220183,2,0,0.0,2.0,10.7304,0,unknown
EVT-20260922-7D136EAF,0.0,1,1,2.07,2.07,1.0,1,0,0.0,1.0,3.0755,0,industrial_urban
EVT-20260922-342BF9B3,0.0,1,1,3.49,3.49,1.0,1,0,0.0,1.0,36.022,0,industrial_urban
EVT-20260922-4E4DB6A1,0.0,2,1,2.71,2.71,1.0,2,0,0.0,2.0,90.0271,0,unknown
EVT-20260922-1C869057,0.0,1,1,4.71,4.71,1.0,1,0,0.0,1.0,6.3151,0,forest
EVT-20260922-D77594B4,0.0,1,1,2.25,2.25,1.0,1,0,0.0,1.0,4.4668,0,scrub_grass
EVT-20260922-50386985,0.0,1,1,3.82,3.82,1.0,1,0,0.0,1.0,37.3858,0,industrial_urban
EVT-20260922-0F1E3A94,0.0,1,1,4.74,4.74,1.0,1,0,0.0,1.0,66.23689999999999,0,industrial_urban
EVT-20260922-816224DF,0.0,1,1,2.07,2.07,1.0,1,0,0.0,1.0,8.8241,0,industrial_urban
EVT-20260922-A6DBB4D9,0.0,2,1,2.89,2.875,1.0052173913043478,2,0,0.0,2.0,23.841900000000003,0,industrial_urban
EVT-20260922-F34D60F7,0.0,1,1,1.15,1.15,1.0,1,0,0.0,1.0,8.7574,0,scrub_grass
EVT-20260922-4BA4DCEB,0.0,1,1,9.25,9.25,1.0,1,0,0.0,1.0,98.0218,0,industrial_urban
EVT-20260922-BDBD3023,0.0,2,1,2.64,2.64,1.0,2,0,0.0,2.0,211.0925,0,unknown
EVT-20260922-B8C88D58,0.0,1,1,1.67,1.67,1.0,1,0,0.0,1.0,201.29979999999998,0,industrial_urban
EVT-20260922-3019546B,0.0,1,1,3.51,3.51,1.0,1,0,0.0,1.0,256.61879999999996,0,industrial_urban
EVT-20260922-94DBC978,0.0,1,1,1.78,1.78,1.0,1,0,0.0,1.0,52.1454,0,unknown
EVT-20260922-36736610,0.0,1,1,2.84,2.84,1.0,1,0,0.0,1.0,47.1008,0,unknown
EVT-20260922-205A19C9,0.0,1,1,5.78,5.78,1.0,1,0,0.0,1.0,2.1466999999999996,0,industrial_urban
EVT-20260922-09307FBC,0.0,1,1,10.94,10.94,1.0,1,0,0.0,1.0,274.2825,0,farmland
EVT-20260922-E72D7680,0.0,1,1,2.97,2.97,1.0,1,0,0.0,1.0,121.0397,0,industrial_urban
EVT-20260922-0E61DE39,0.0,1,1,2.24,2.24,1.0,1,0,0.0,1.0,1.7219,0,industrial_urban
EVT-20260922-423CBB27,0.0,1,1,1.35,1.35,1.0,1,0,0.0,1.0,189.63739999999999,0,unknown
EVT-20260922-FBE105CE,0.0,1,1,2.86,2.86,1.0,1,0,0.0,1.0,231.7016,0,industrial_urban
EVT-20260922-2BD09A76,0.0,2,1,2.95,2.455,1.2016293279022403,0,2,1.0,2.0,0.2754,1,industrial_urban
EVT-20260922-83A80569,0.0,1,1,1.88,1.88,1.0,0,1,1.0,1.0,5.9699,0,industrial_urban
EVT-20260922-169721F6,0.0,1,1,1.01,1.01,1.0,0,1,1.0,1.0,7.7394,0,industrial_urban
EVT-20260922-5C8858DF,0.0,1,1,0.86,0.86,1.0,0,1,1.0,1.0,5.4527,0,industrial_urban
EVT-20260922-E1F38210,0.0,1,1,0.81,0.81,1.0,0,1,1.0,1.0,2.5745,0,industrial_urban
EVT-20260922-79C2A8A9,0.0,1,1,2.29,2.29,1.0,0,1,1.0,1.0,144.4673,0,industrial_urban
EVT-20260922-4B5F70F6,0.0,1,1,7.96,7.96,1.0,1,0,0.0,1.0,240.0701,0,farmland
EVT-20260922-8E1C2607,0.0,1,1,6.7,6.7,1.0,1,0,0.0,1.0,4.0398000000000005,0,unknown
EVT-20260922-55299F16,0.0,1,1,18.0,18.0,1.0,1,0,0.0,1.0,661.5500999999999,0,unknown
EVT-20260922-6405CA53,0.0,1,1,4.24,4.24,1.0,1,0,0.0,1.0,28.0103,0,industrial_urban
EVT-20260923-B2C39941,0.0,3,2,2.87,2.0500000000000003,1.4,3,0,0.0,3.0,31.135900000000003,0,industrial_urban
EVT-20260923-44CEB872,0.0,1,1,5.25,5.25,1.0,1,0,0.0,1.0,7.2856000000000005,0,industrial_urban
EVT-20260923-DA1C8785,0.0,2,2,8.84,5.04,1.753968253968254,2,0,0.0,2.0,32.720099999999995,0,industrial_urban
EVT-20260923-4A4F1699,0.0,1,1,3.88,3.88,1.0,1,0,0.0,1.0,11.237,0,unknown
EVT-20260923-7532835D,0.0,1,1,2.46,2.46,1.0,1,0,0.0,1.0,2.4779,0,industrial_urban
EVT-20260923-9536733A,0.0,1,1,3.45,3.45,1.0,1,0,0.0,1.0,4.7627,0,industrial_urban
EVT-20260923-49571181,0.0,1,1,2.68,2.68,1.0,1,0,0.0,1.0,176.3543,0,unknown
EVT-20260923-C870AF37,1.0,2,2,4.77,4.165,1.1452581032412965,2,0,0.0,2.0,0.4039,1,industrial_urban
EVT-20260923-ACB192CB,0.0,1,1,0.91,0.91,1.0,1,0,0.0,1.0,15.4284,0,scrub_grass
EVT-20260923-3A54D751,0.1,2,2,2.31,2.2199999999999998,1.0405405405405406,2,0,0.0,2.0,85.4584,0,unknown
EVT-20260923-A5928954,0.0,1,1,4.27,4.27,1.0,1,0,0.0,1.0,103.35130000000001,0,unknown
EVT-20260923-E2C3606E,0.0,4,2,9.69,7.4175,1.3063700707785642,4,0,0.0,4.0,27.549599999999998,0,unknown
