event_code,predicted_label,model_version,proba_PERSISTENT_THERMAL_SOURCE,proba_CANDIDATE_INDUSTRIAL_FIRE,proba_LIKELY_WILDFIRE,proba_LIKELY_AG_BURNING
EVT-20260928-7AABFA2A,PERSISTENT_THERMAL_SOURCE,ml-poc-1,0.7957,0.0261,0.0489,0.1293
EVT-20260922-7DC23BD4,PERSISTENT_THERMAL_SOURCE,ml-poc-1,0.9528,0.0172,0.0101,0.0199
EVT-20260926-AA1B0A44,PERSISTENT_THERMAL_SOURCE,ml-poc-1,0.7735,0.0355,0.1563,0.0347
EVT-20260925-5A8A2514,PERSISTENT_THERMAL_SOURCE,ml-poc-1,0.9855,0.0049,0.0041,0.0055
EVT-20260927-A3DF8338,PERSISTENT_THERMAL_SOURCE,ml-poc-1,0.9495,0.0056,0.0254,0.0195
EVT-20260928-E06AB94E,PERSISTENT_THERMAL_SOURCE,ml-poc-1,0.843,0.0195,0.039,0.0985
EVT-20260923-260A39F9,PERSISTENT_THERMAL_SOURCE,ml-poc-1,0.9845,0.005,0.0048,0.0057
EVT-20260926-0617660E,PERSISTENT_THERMAL_SOURCE,ml-poc-1,0.9556,0.0051,0.0204,0.0189
EVT-20260926-A62A1508,PERSISTENT_THERMAL_SOURCE,ml-poc-1,0.9876,0.0037,0.0047,0.004
EVT-20260925-42275558,PERSISTENT_THERMAL_SOURCE,ml-poc-1,0.7934,0.0265,0.0455,0.1347
EVT-20260926-9D92DCA0,LIKELY_WILDFIRE,ml-poc-1,0.0768,0.2057,0.5408,0.1768
EVT-20260928-56D806EF,PERSISTENT_THERMAL_SOURCE,ml-poc-1,0.843,0.0195,0.039,0.0985
EVT-20260922-62E4595D,LIKELY_WILDFIRE,ml-poc-1,0.1057,0.1594,0.6262,0.1086
EVT-20260922-E912A711,PERSISTENT_THERMAL_SOURCE,ml-poc-1,0.9851,0.005,0.0044,0.0055
EVT-20260925-0703CBCB,PERSISTENT_THERMAL_SOURCE,ml-poc-1,0.9528,0.0172,0.0101,0.0199
EVT-20260927-AD2E52DB,PERSISTENT_THERMAL_SOURCE,ml-poc-1,0.7683,0.0343,0.1639,0.0335
EVT-20260926-471AFD55,PERSISTENT_THERMAL_SOURCE,ml-poc-1,0.9543,0.005,0.0206,0.0201
EVT-20260923-A071A35C,LIKELY_AG_BURNING,ml-poc-1,0.1382,0.1096,0.2745,0.4777
EVT-20260925-B01C6CC8,LIKELY_WILDFIRE,ml-poc-1,0.0812,0.1987,0.574,0.1461
EVT-20260923-A4814AB3,LIKELY_AG_BURNING,ml-poc-1,0.0023,0.003,0.003,0.9917
EVT-20260926-9097853F,LIKELY_WILDFIRE,ml-poc-1,0.0748,0.1798,0.5733,0.1722
EVT-20260923-AAD1340F,LIKELY_AG_BURNING,ml-poc-1,0.0028,0.0023,0.0034,0.9915
EVT-20260925-4DB84020,PERSISTENT_THERMAL_SOURCE,ml-poc-1,0.9323,0.0078,0.0185,0.0414
EVT-20260928-63BA0951,LIKELY_AG_BURNING,ml-poc-1,0.1047,0.1399,0.2206,0.5348
EVT-20260922-E66796D9,PERSISTENT_THERMAL_SOURCE,ml-poc-1,0.948,0.0199,0.0101,0.022
EVT-20260926-5BE43C30,PERSISTENT_THERMAL_SOURCE,ml-poc-1,0.829,0.0227,0.039,0.1094
EVT-20260927-F4A40300,PERSISTENT_THERMAL_SOURCE,ml-poc-1,0.829,0.0227,0.039,0.1094
EVT-20260922-4199DB14,PERSISTENT_THERMAL_SOURCE,ml-poc-1,0.8884,0.0118,0.0498,0.05
EVT-20260928-A70C6539,LIKELY_AG_BURNING,ml-poc-1,0.1602,0.112,0.1925,0.5353
EVT-20260928-032D1E1D,LIKELY_AG_BURNING,ml-poc-1,0.1582,0.1096,0.1884,0.5438
EVT-20260928-707D2409,LIKELY_WILDFIRE,ml-poc-1,0.0733,0.2389,0.4867,0.2012
EVT-20260928-88DC9F55,PERSISTENT_THERMAL_SOURCE,ml-poc-1,0.9033,0.0107,0.0289,0.057
EVT-20260927-D336EC2C,LIKELY_WILDFIRE,ml-poc-1,0.0732,0.2167,0.5397,0.1704
EVT-20260926-315995D0,LIKELY_WILDFIRE,ml-poc-1,0.0821,0.1993,0.5238,0.1948
EVT-20260928-9EDFC204,LIKELY_AG_BURNING,ml-poc-1,0.0964,0.1289,0.1987,0.576
EVT-20260927-562CAE4F,PERSISTENT_THERMAL_SOURCE,ml-poc-1,0.803,0.0588,0.0732,0.0649
EVT-20260923-042250C3,LIKELY_AG_BURNING,ml-poc-1,0.0029,0.0135,0.0039,0.9797
EVT-20260928-C00B51EF,PERSISTENT_THERMAL_SOURCE,ml-poc-1,0.9311,0.0081,0.0189,0.0419
EVT-20260928-65B7AEAC,LIKELY_AG_BURNING,ml-poc-1,0.1136,0.1171,0.2427,0.5266
EVT-20260927-82863A96,PERSISTENT_THERMAL_SOURCE,ml-poc-1,0.8341,0.0175,0.074,0.0744
EVT-20260928-9473B857,PERSISTENT_THERMAL_SOURCE,ml-poc-1,0.8262,0.0222,0.0383,0.1133
EVT-20260928-A86C4CE7,LIKELY_AG_BURNING,ml-poc-1,0.1924,0.0982,0.2072,0.5022
EVT-20260928-F6A6E03B,LIKELY_AG_BURNING,ml-poc-1,0.1333,0.1103,0.2852,0.4712
EVT-20260927-B82B7487,PERSISTENT_THERMAL_SOURCE,ml-poc-1,0.9395,0.0069,0.0205,0.0331
EVT-20260928-F6DF67DC,LIKELY_AG_BURNING,ml-poc-1,0.1588,0.1116,0.1888,0.5407
EVT-20260927-1FC22243,LIKELY_WILDFIRE,ml-poc-1,0.1097,0.295,0.3424,0.2528
EVT-20260926-9640EAE3,CANDIDATE_INDUSTRIAL_FIRE,ml-poc-1,0.1156,0.3053,0.3048,0.2743
EVT-20260923-F20AADB2,PERSISTENT_THERMAL_SOURCE,ml-poc-1,0.8262,0.0222,0.0383,0.1133
EVT-20260926-B7D17DD0,LIKELY_WILDFIRE,ml-poc-1,0.0783,0.188,0.5533,0.1804
EVT-20260927-26204886,LIKELY_AG_BURNING,ml-poc-1,0.1424,0.1049,0.3143,0.4383
EVT-20260923-3A71F454,LIKELY_AG_BURNING,ml-poc-1,0.0043,0.0192,0.0319,0.9447
EVT-20260926-CE9B9A00,PERSISTENT_THERMAL_SOURCE,ml-poc-1,0.677,0.0347,0.1405,0.1478
EVT-20260923-75AFB810,LIKELY_AG_BURNING,ml-poc-1,0.103,0.3047,0.2149,0.3774
EVT-20260927-B688CFAD,LIKELY_WILDFIRE,ml-poc-1,0.0825,0.2236,0.5037,0.1901
EVT-20260928-361FB428,LIKELY_AG_BURNING,ml-poc-1,0.1591,0.1166,0.2114,0.5129
EVT-20260928-B9CA365E,PERSISTENT_THERMAL_SOURCE,ml-poc-1,0.8703,0.0186,0.0316,0.0795
EVT-20260927-9CC9218F,LIKELY_AG_BURNING,ml-poc-1,0.1443,0.1063,0.3541,0.3952
EVT-20260928-1CA02022,PERSISTENT_THERMAL_SOURCE,ml-poc-1,0.8356,0.0217,0.0387,0.104
EVT-20260925-4FDA8DC0,CANDIDATE_INDUSTRIAL_FIRE,ml-poc-1,0.0845,0.3703,0.1789,0.3662
EVT-20260927-437EFA2A,LIKELY_WILDFIRE,ml-poc-1,0.0815,0.2082,0.5761,0.1342
EVT-20260928-CF5FC552,PERSISTENT_THERMAL_SOURCE,ml-poc-1,0.8776,0.0151,0.0389,0.0684
EVT-20260928-2DA3D27A,LIKELY_WILDFIRE,ml-poc-1,0.0444,0.1726,0.7186,0.0644
EVT-20260928-1B00D648,PERSISTENT_THERMAL_SOURCE,ml-poc-1,0.843,0.0195,0.039,0.0985
EVT-20260928-4D62C0D0,PERSISTENT_THERMAL_SOURCE,ml-poc-1,0.8296,0.0212,0.0423,0.1068
EVT-20260928-735A64B5,PERSISTENT_THERMAL_SOURCE,ml-poc-1,0.7646,0.0293,0.0585,0.1476
EVT-20260927-61391940,LIKELY_AG_BURNING,ml-poc-1,0.1868,0.1119,0.2847,0.4166
EVT-20260928-668D5141,PERSISTENT_THERMAL_SOURCE,ml-poc-1,0.843,0.0195,0.039,0.0985
EVT-20260928-25DC5BE8,PERSISTENT_THERMAL_SOURCE,ml-poc-1,0.847,0.019,0.038,0.096
EVT-20260928-F58D0DD4,CANDIDATE_INDUSTRIAL_FIRE,ml-poc-1,0.103,0.4291,0.2251,0.2428
EVT-20260928-92561AC0,LIKELY_AG_BURNING,ml-poc-1,0.1595,0.1059,0.3129,0.4217
EVT-20260928-AC383EDF,PERSISTENT_THERMAL_SOURCE,ml-poc-1,0.8366,0.0203,0.0406,0.1024
EVT-20260928-FF9BB094,PERSISTENT_THERMAL_SOURCE,ml-poc-1,0.847,0.019,0.038,0.096
EVT-20260928-065280ED,LIKELY_WILDFIRE,ml-poc-1,0.0464,0.293,0.5407,0.1199
EVT-20260926-7F183B13,CANDIDATE_INDUSTRIAL_FIRE,ml-poc-1,0.2559,0.4059,0.1172,0.221
EVT-20260928-712C423C,PERSISTENT_THERMAL_SOURCE,ml-poc-1,0.9499,0.0065,0.017,0.0266
EVT-20260928-95F007BE,PERSISTENT_THERMAL_SOURCE,ml-poc-1,0.9365,0.0077,0.0202,0.0356
EVT-20260928-A4E6E22D,PERSISTENT_THERMAL_SOURCE,ml-poc-1,0.8941,0.0134,0.0335,0.059
EVT-20260928-D3F91D2A,PERSISTENT_THERMAL_SOURCE,ml-poc-1,0.843,0.0195,0.039,0.0985
EVT-20260928-F37FBC47,LIKELY_AG_BURNING,ml-poc-1,0.1682,0.1061,0.2118,0.5139
EVT-20260928-29C2DE4D,LIKELY_AG_BURNING,ml-poc-1,0.1591,0.1166,0.2114,0.5129
EVT-20260928-2BD0F139,PERSISTENT_THERMAL_SOURCE,ml-poc-1,0.8366,0.0203,0.0406,0.1024
EVT-20260928-235373A7,PERSISTENT_THERMAL_SOURCE,ml-poc-1,0.8321,0.0238,0.0467,0.0975
EVT-20260926-49DDEFB7,PERSISTENT_THERMAL_SOURCE,ml-poc-1,0.8258,0.0201,0.0531,0.1011
EVT-20260928-BFFEA2D6,PERSISTENT_THERMAL_SOURCE,ml-poc-1,0.8946,0.0133,0.0398,0.0523
EVT-20260927-D539B52F,PERSISTENT_THERMAL_SOURCE,ml-poc-1,0.9567,0.0051,0.0204,0.0177
EVT-20260926-E517F4FF,PERSISTENT_THERMAL_SOURCE,ml-poc-1,0.8164,0.0308,0.125,0.0278
EVT-20260928-D0FE537A,PERSISTENT_THERMAL_SOURCE,ml-poc-1,0.9508,0.0064,0.0167,0.0261
EVT-20260928-C07BCF82,LIKELY_AG_BURNING,ml-poc-1,0.15,0.1106,0.3004,0.439
EVT-20260928-07D33869,PERSISTENT_THERMAL_SOURCE,ml-poc-1,0.843,0.0195,0.039,0.0985
EVT-20260928-0C549F82,PERSISTENT_THERMAL_SOURCE,ml-poc-1,0.796,0.0258,0.0489,0.1293
EVT-20260928-9B875F00,PERSISTENT_THERMAL_SOURCE,ml-poc-1,0.8665,0.0167,0.057,0.0597
EVT-20260927-1240A5E4,PERSISTENT_THERMAL_SOURCE,ml-poc-1,0.948,0.0059,0.0256,0.0205
EVT-20260928-8DF192CE,PERSISTENT_THERMAL_SOURCE,ml-poc-1,0.843,0.0195,0.039,0.0985
EVT-20260928-BEA22347,PERSISTENT_THERMAL_SOURCE,ml-poc-1,0.9293,0.0084,0.0244,0.0379
EVT-20260928-170FD311,PERSISTENT_THERMAL_SOURCE,ml-poc-1,0.865,0.0178,0.0351,0.0821
EVT-20260928-14ADB17E,LIKELY_AG_BURNING,ml-poc-1,0.2265,0.0973,0.2511,0.4251
EVT-20260926-002C41D7,PERSISTENT_THERMAL_SOURCE,ml-poc-1,0.9577,0.0049,0.0183,0.019
EVT-20260924-408A4D04,LIKELY_WILDFIRE,ml-poc-1,0.036,0.1914,0.6796,0.093
EVT-20260928-59D2899C,LIKELY_AG_BURNING,ml-poc-1,0.1591,0.1166,0.2114,0.5129
EVT-20260926-20F9E051,PERSISTENT_THERMAL_SOURCE,ml-poc-1,0.9568,0.0047,0.0195,0.019
EVT-20260927-50484FAB,PERSISTENT_THERMAL_SOURCE,ml-poc-1,0.7715,0.0384,0.1555,0.0346
EVT-20260927-1D1E4C0C,PERSISTENT_THERMAL_SOURCE,ml-poc-1,0.9007,0.0103,0.0539,0.0351
EVT-20260928-809F2E25,PERSISTENT_THERMAL_SOURCE,ml-poc-1,0.6654,0.0382,0.1246,0.1717
EVT-20260927-77B7A868,PERSISTENT_THERMAL_SOURCE,ml-poc-1,0.8425,0.0439,0.0768,0.0368
EVT-20260928-AED82FD6,LIKELY_AG_BURNING,ml-poc-1,0.1705,0.1125,0.3273,0.3898
EVT-20260928-43527F97,PERSISTENT_THERMAL_SOURCE,ml-poc-1,0.9195,0.01,0.0272,0.0433
EVT-20260927-373F8C8B,PERSISTENT_THERMAL_SOURCE,ml-poc-1,0.9568,0.0047,0.0195,0.019
EVT-20260923-9F817DDD,CANDIDATE_INDUSTRIAL_FIRE,ml-poc-1,0.0053,0.9826,0.0078,0.0044
EVT-20260926-40C48979,PERSISTENT_THERMAL_SOURCE,ml-poc-1,0.8824,0.0338,0.0528,0.031
EVT-20260922-81DA6081,PERSISTENT_THERMAL_SOURCE,ml-poc-1,0.9886,0.0038,0.0035,0.0042
EVT-20260927-A16E3608,PERSISTENT_THERMAL_SOURCE,ml-poc-1,0.957,0.0048,0.0188,0.0194
EVT-20260923-822113CA,PERSISTENT_THERMAL_SOURCE,ml-poc-1,0.9001,0.0107,0.05,0.0392
EVT-20260926-4990ECC6,PERSISTENT_THERMAL_SOURCE,ml-poc-1,0.8536,0.0411,0.0712,0.0341
EVT-20260925-5230C1A4,PERSISTENT_THERMAL_SOURCE,ml-poc-1,0.9884,0.0038,0.0037,0.0042
EVT-20260927-E24AEBEA,PERSISTENT_THERMAL_SOURCE,ml-poc-1,0.8776,0.0151,0.0452,0.0621
EVT-20260927-18B9A88B,PERSISTENT_THERMAL_SOURCE,ml-poc-1,0.9383,0.0076,0.0288,0.0253
EVT-20260926-2A455FB6,PERSISTENT_THERMAL_SOURCE,ml-poc-1,0.9424,0.0068,0.0222,0.0287
EVT-20260927-815EEF22,PERSISTENT_THERMAL_SOURCE,ml-poc-1,0.9598,0.0048,0.015,0.0204
EVT-20260922-BB454CC7,PERSISTENT_THERMAL_SOURCE,ml-poc-1,0.9109,0.01,0.0409,0.0383
EVT-20260926-2F084ABF,PERSISTENT_THERMAL_SOURCE,ml-poc-1,0.841,0.0198,0.0395,0.0997
EVT-20260927-F9EE93DF,PERSISTENT_THERMAL_SOURCE,ml-poc-1,0.6072,0.0667,0.2667,0.0594
EVT-20260926-37432F54,PERSISTENT_THERMAL_SOURCE,ml-poc-1,0.8477,0.0453,0.0678,0.0392
EVT-20260928-C4E922D3,LIKELY_AG_BURNING,ml-poc-1,0.1431,0.1169,0.1881,0.5519
EVT-20260928-9FB43271,LIKELY_WILDFIRE,ml-poc-1,0.1703,0.102,0.377,0.3507
EVT-20260922-E6ED4104,PERSISTENT_THERMAL_SOURCE,ml-poc-1,0.9541,0.0167,0.0098,0.0193
EVT-20260926-6E2E4E69,PERSISTENT_THERMAL_SOURCE,ml-poc-1,0.8768,0.0342,0.0591,0.0299
EVT-20260926-6DE14E25,PERSISTENT_THERMAL_SOURCE,ml-poc-1,0.9563,0.0048,0.0197,0.0192
EVT-20260922-D17D5503,PERSISTENT_THERMAL_SOURCE,ml-poc-1,0.9537,0.0056,0.0152,0.0255
EVT-20260926-66824054,PERSISTENT_THERMAL_SOURCE,ml-poc-1,0.841,0.0198,0.0395,0.0997
EVT-20260927-BCA1A9CF,PERSISTENT_THERMAL_SOURCE,ml-poc-1,0.957,0.0049,0.0191,0.0189
EVT-20260922-569D9F3C,PERSISTENT_THERMAL_SOURCE,ml-poc-1,0.9819,0.0063,0.0051,0.0067
EVT-20260926-328F90EB,PERSISTENT_THERMAL_SOURCE,ml-poc-1,0.9042,0.0103,0.0479,0.0376
EVT-20260922-1368B0FC,PERSISTENT_THERMAL_SOURCE,ml-poc-1,0.902,0.0129,0.0261,0.0589
EVT-20260926-23DB1FB8,PERSISTENT_THERMAL_SOURCE,ml-poc-1,0.959,0.0048,0.0172,0.019
EVT-20260926-19C016B9,LIKELY_AG_BURNING,ml-poc-1,0.1024,0.1368,0.2157,0.5452
EVT-20260928-E86D0005,LIKELY_WILDFIRE,ml-poc-1,0.0519,0.2928,0.5149,0.1404
EVT-20260928-FD6E5A68,LIKELY_AG_BURNING,ml-poc-1,0.1225,0.1007,0.2628,0.514
EVT-20260926-10CCE89E,PERSISTENT_THERMAL_SOURCE,ml-poc-1,0.9486,0.0211,0.0099,0.0204
EVT-20260928-501C88C1,PERSISTENT_THERMAL_SOURCE,ml-poc-1,0.8854,0.0133,0.0317,0.0697
EVT-20260923-A11B5231,PERSISTENT_THERMAL_SOURCE,ml-poc-1,0.843,0.0195,0.039,0.0985
EVT-20260925-92BBCE07,LIKELY_WILDFIRE,ml-poc-1,0.083,0.1559,0.6228,0.1383
EVT-20260928-39317FD0,PERSISTENT_THERMAL_SOURCE,ml-poc-1,0.843,0.0195,0.039,0.0985
EVT-20260927-00B4A9DA,PERSISTENT_THERMAL_SOURCE,ml-poc-1,0.9464,0.0062,0.0188,0.0286
EVT-20260927-D0C87207,PERSISTENT_THERMAL_SOURCE,ml-poc-1,0.824,0.0225,0.0387,0.1147
EVT-20260926-0F309706,LIKELY_WILDFIRE,ml-poc-1,0.3377,0.0123,0.6378,0.0121
EVT-20260922-EEB7DB64,PERSISTENT_THERMAL_SOURCE,ml-poc-1,0.9887,0.0037,0.0028,0.0047
EVT-20260924-3E712B08,PERSISTENT_THERMAL_SOURCE,ml-poc-1,0.9881,0.0037,0.0035,0.0047
EVT-20260927-F9ED67A8,PERSISTENT_THERMAL_SOURCE,ml-poc-1,0.9605,0.0048,0.0157,0.019
EVT-20260925-0C021A69,PERSISTENT_THERMAL_SOURCE,ml-poc-1,0.8164,0.0308,0.125,0.0278
EVT-20260922-9ADDE1DD,PERSISTENT_THERMAL_SOURCE,ml-poc-1,0.841,0.0198,0.0395,0.0997
EVT-20260923-689ED51F,PERSISTENT_THERMAL_SOURCE,ml-poc-1,0.9579,0.0052,0.0141,0.0227
EVT-20260927-B7E9A9B6,PERSISTENT_THERMAL_SOURCE,ml-poc-1,0.841,0.0198,0.0395,0.0997
EVT-20260927-E7C7A56E,PERSISTENT_THERMAL_SOURCE,ml-poc-1,0.845,0.0193,0.0385,0.0972
EVT-20260922-45925B3E,PERSISTENT_THERMAL_SOURCE,ml-poc-1,0.9586,0.0048,0.0176,0.019
EVT-20260927-32A889AC,PERSISTENT_THERMAL_SOURCE,ml-poc-1,0.841,0.0198,0.0395,0.0997
EVT-20260922-B39EE183,PERSISTENT_THERMAL_SOURCE,ml-poc-1,0.841,0.0198,0.0395,0.0997
EVT-20260923-36DFA171,PERSISTENT_THERMAL_SOURCE,ml-poc-1,0.959,0.0048,0.0172,0.019
EVT-20260922-C86E4321,PERSISTENT_THERMAL_SOURCE,ml-poc-1,0.841,0.0198,0.0395,0.0997
EVT-20260925-39BE4313,PERSISTENT_THERMAL_SOURCE,ml-poc-1,0.9528,0.0172,0.0101,0.0199
EVT-20260927-2B06A4BA,PERSISTENT_THERMAL_SOURCE,ml-poc-1,0.841,0.0198,0.0395,0.0997
EVT-20260922-C7914282,PERSISTENT_THERMAL_SOURCE,ml-poc-1,0.9508,0.0183,0.0101,0.0208
EVT-20260924-45E0796F,PERSISTENT_THERMAL_SOURCE,ml-poc-1,0.9508,0.0183,0.0101,0.0208
EVT-20260926-E65FFD18,PERSISTENT_THERMAL_SOURCE,ml-poc-1,0.956,0.0054,0.0138,0.0248
EVT-20260922-237D03FF,PERSISTENT_THERMAL_SOURCE,ml-poc-1,0.845,0.0193,0.0385,0.0972
EVT-20260924-93B9DDC2,PERSISTENT_THERMAL_SOURCE,ml-poc-1,0.9889,0.0033,0.004,0.0038
EVT-20260922-5FD8CCAD,PERSISTENT_THERMAL_SOURCE,ml-poc-1,0.9586,0.0048,0.0176,0.019
EVT-20260927-9DC4ED23,PERSISTENT_THERMAL_SOURCE,ml-poc-1,0.9536,0.0056,0.0183,0.0225
EVT-20260923-4A2F59A8,PERSISTENT_THERMAL_SOURCE,ml-poc-1,0.9882,0.0037,0.0034,0.0047
EVT-20260922-B337F83C,PERSISTENT_THERMAL_SOURCE,ml-poc-1,0.959,0.0048,0.0172,0.019
EVT-20260927-07753499,PERSISTENT_THERMAL_SOURCE,ml-poc-1,0.9159,0.0103,0.0266,0.0473
EVT-20260922-E699FC7E,PERSISTENT_THERMAL_SOURCE,ml-poc-1,0.9568,0.0047,0.0195,0.019
EVT-20260926-BA07F268,PERSISTENT_THERMAL_SOURCE,ml-poc-1,0.8075,0.024,0.0478,0.1207
EVT-20260927-B9C82611,PERSISTENT_THERMAL_SOURCE,ml-poc-1,0.9433,0.0067,0.0186,0.0314
EVT-20260927-AA3CF95C,PERSISTENT_THERMAL_SOURCE,ml-poc-1,0.841,0.0198,0.0395,0.0997
EVT-20260922-5984A737,PERSISTENT_THERMAL_SOURCE,ml-poc-1,0.841,0.0198,0.0395,0.0997
EVT-20260927-18E88BE4,PERSISTENT_THERMAL_SOURCE,ml-poc-1,0.952,0.0056,0.0191,0.0233
EVT-20260927-454E1AF2,PERSISTENT_THERMAL_SOURCE,ml-poc-1,0.955,0.0055,0.0131,0.0263
EVT-20260927-4B917FE6,PERSISTENT_THERMAL_SOURCE,ml-poc-1,0.841,0.0198,0.0395,0.0997
EVT-20260922-F90985F2,PERSISTENT_THERMAL_SOURCE,ml-poc-1,0.9539,0.0055,0.0136,0.027
EVT-20260924-6DD3008E,PERSISTENT_THERMAL_SOURCE,ml-poc-1,0.824,0.0225,0.0387,0.1147
EVT-20260925-4FF407E6,PERSISTENT_THERMAL_SOURCE,ml-poc-1,0.824,0.0225,0.0387,0.1147
EVT-20260927-C24C89B9,PERSISTENT_THERMAL_SOURCE,ml-poc-1,0.824,0.0225,0.0387,0.1147
EVT-20260927-B53BF8E8,PERSISTENT_THERMAL_SOURCE,ml-poc-1,0.841,0.0198,0.0395,0.0997
EVT-20260922-A360E5C8,LIKELY_AG_BURNING,ml-poc-1,0.0097,0.0026,0.0032,0.9844
EVT-20260924-60729A63,PERSISTENT_THERMAL_SOURCE,ml-poc-1,0.9506,0.018,0.0106,0.0208
EVT-20260927-BA312FC9,PERSISTENT_THERMAL_SOURCE,ml-poc-1,0.9418,0.0069,0.0214,0.03
EVT-20260927-8FC37F47,PERSISTENT_THERMAL_SOURCE,ml-poc-1,0.9401,0.007,0.0181,0.0348
EVT-20260925-199726DE,PERSISTENT_THERMAL_SOURCE,ml-poc-1,0.8335,0.022,0.0392,0.1053
EVT-20260927-56CCEDAE,PERSISTENT_THERMAL_SOURCE,ml-poc-1,0.8335,0.022,0.0392,0.1053
EVT-20260927-5F57B9A4,PERSISTENT_THERMAL_SOURCE,ml-poc-1,0.8264,0.0226,0.0389,0.1121
EVT-20260926-487CA3E7,PERSISTENT_THERMAL_SOURCE,ml-poc-1,0.9581,0.0051,0.0187,0.0182
EVT-20260927-F39B939D,PERSISTENT_THERMAL_SOURCE,ml-poc-1,0.9289,0.0084,0.0226,0.0402
EVT-20260925-752F3DE5,PERSISTENT_THERMAL_SOURCE,ml-poc-1,0.9893,0.0036,0.0031,0.0041
EVT-20260922-9FDE41D6,PERSISTENT_THERMAL_SOURCE,ml-poc-1,0.841,0.0198,0.0395,0.0997
EVT-20260925-DCD3F99A,PERSISTENT_THERMAL_SOURCE,ml-poc-1,0.9889,0.0033,0.004,0.0039
EVT-20260925-09E45AC8,LIKELY_WILDFIRE,ml-poc-1,0.1036,0.1471,0.6132,0.1362
EVT-20260927-89DD63A0,PERSISTENT_THERMAL_SOURCE,ml-poc-1,0.9484,0.0056,0.0228,0.0232
EVT-20260926-27EA62A6,PERSISTENT_THERMAL_SOURCE,ml-poc-1,0.9608,0.0048,0.0136,0.0208
EVT-20260926-3F717875,PERSISTENT_THERMAL_SOURCE,ml-poc-1,0.9586,0.0048,0.0176,0.019
EVT-20260927-FCB6E6C3,PERSISTENT_THERMAL_SOURCE,ml-poc-1,0.9514,0.0056,0.0197,0.0233
EVT-20260922-E120F02B,PERSISTENT_THERMAL_SOURCE,ml-poc-1,0.9528,0.0172,0.0101,0.0199
EVT-20260926-EA80CC37,PERSISTENT_THERMAL_SOURCE,ml-poc-1,0.9605,0.0048,0.0137,0.021
EVT-20260927-1B492E91,PERSISTENT_THERMAL_SOURCE,ml-poc-1,0.9526,0.0056,0.0193,0.0225
EVT-20260927-02112026,PERSISTENT_THERMAL_SOURCE,ml-poc-1,0.9534,0.0056,0.0152,0.0257
EVT-20260927-501214CF,PERSISTENT_THERMAL_SOURCE,ml-poc-1,0.9419,0.0067,0.02,0.0314
EVT-20260923-50206419,PERSISTENT_THERMAL_SOURCE,ml-poc-1,0.9865,0.0045,0.0043,0.0047
EVT-20260926-CE80F38E,PERSISTENT_THERMAL_SOURCE,ml-poc-1,0.9586,0.0048,0.0176,0.019
EVT-20260927-C2417BE5,PERSISTENT_THERMAL_SOURCE,ml-poc-1,0.9397,0.0071,0.0181,0.0351
EVT-20260923-EA601570,PERSISTENT_THERMAL_SOURCE,ml-poc-1,0.9414,0.0383,0.0112,0.009
EVT-20260927-1143CEB0,PERSISTENT_THERMAL_SOURCE,ml-poc-1,0.8705,0.0372,0.0582,0.0341
EVT-20260927-244796FB,PERSISTENT_THERMAL_SOURCE,ml-poc-1,0.841,0.0198,0.0395,0.0997
EVT-20260927-279AF72A,PERSISTENT_THERMAL_SOURCE,ml-poc-1,0.9534,0.0056,0.0152,0.0257
EVT-20260927-E48DBE9F,PERSISTENT_THERMAL_SOURCE,ml-poc-1,0.9587,0.0051,0.0137,0.0225
EVT-20260926-B6719162,PERSISTENT_THERMAL_SOURCE,ml-poc-1,0.8361,0.0206,0.0393,0.1039
EVT-20260927-A1E69498,PERSISTENT_THERMAL_SOURCE,ml-poc-1,0.9103,0.0109,0.0268,0.0519
EVT-20260923-AA2EF97D,PERSISTENT_THERMAL_SOURCE,ml-poc-1,0.9528,0.0172,0.0101,0.0199
EVT-20260927-C72A27C1,PERSISTENT_THERMAL_SOURCE,ml-poc-1,0.9431,0.0067,0.018,0.0321
EVT-20260926-FA93B55E,PERSISTENT_THERMAL_SOURCE,ml-poc-1,0.845,0.0193,0.0385,0.0972
EVT-20260927-A38A1336,PERSISTENT_THERMAL_SOURCE,ml-poc-1,0.9524,0.0056,0.017,0.0249
EVT-20260926-0FF796F0,PERSISTENT_THERMAL_SOURCE,ml-poc-1,0.9568,0.0047,0.0195,0.019
EVT-20260927-BB6EFDDC,PERSISTENT_THERMAL_SOURCE,ml-poc-1,0.841,0.0198,0.0395,0.0997
EVT-20260923-04E32005,PERSISTENT_THERMAL_SOURCE,ml-poc-1,0.942,0.0068,0.0184,0.0328
EVT-20260924-2D098174,PERSISTENT_THERMAL_SOURCE,ml-poc-1,0.845,0.0193,0.0385,0.0972
EVT-20260926-D36D5877,PERSISTENT_THERMAL_SOURCE,ml-poc-1,0.9507,0.0062,0.0165,0.0267
EVT-20260922-B5806471,PERSISTENT_THERMAL_SOURCE,ml-poc-1,0.9887,0.0033,0.0042,0.0038
EVT-20260925-4A57C2EE,PERSISTENT_THERMAL_SOURCE,ml-poc-1,0.9901,0.0032,0.0031,0.0036
EVT-20260925-6CD571F8,PERSISTENT_THERMAL_SOURCE,ml-poc-1,0.8345,0.0206,0.0411,0.1038
EVT-20260927-980002B9,PERSISTENT_THERMAL_SOURCE,ml-poc-1,0.9548,0.005,0.0204,0.0198
EVT-20260923-AB84C11A,PERSISTENT_THERMAL_SOURCE,ml-poc-1,0.9893,0.0033,0.0036,0.0038
EVT-20260927-7DF6A278,PERSISTENT_THERMAL_SOURCE,ml-poc-1,0.9529,0.0058,0.0161,0.0251
EVT-20260922-C1B1502E,PERSISTENT_THERMAL_SOURCE,ml-poc-1,0.9601,0.005,0.0166,0.0183
EVT-20260926-A5CCAFA6,PERSISTENT_THERMAL_SOURCE,ml-poc-1,0.956,0.0049,0.0202,0.0189
EVT-20260925-A988C041,PERSISTENT_THERMAL_SOURCE,ml-poc-1,0.9528,0.0172,0.0101,0.0199
EVT-20260926-31ABE900,PERSISTENT_THERMAL_SOURCE,ml-poc-1,0.9558,0.0055,0.0147,0.0241
EVT-20260927-FA3A11FD,PERSISTENT_THERMAL_SOURCE,ml-poc-1,0.959,0.0048,0.0172,0.019
EVT-20260922-2BD09A76,PERSISTENT_THERMAL_SOURCE,ml-poc-1,0.9853,0.005,0.0041,0.0056
EVT-20260927-55A0FBAB,PERSISTENT_THERMAL_SOURCE,ml-poc-1,0.96,0.0048,0.0149,0.0204
EVT-20260927-2D9782EA,PERSISTENT_THERMAL_SOURCE,ml-poc-1,0.9604,0.0048,0.0145,0.0204
EVT-20260922-6BC2417B,PERSISTENT_THERMAL_SOURCE,ml-poc-1,0.9567,0.0054,0.0148,0.0231
EVT-20260924-848B217E,PERSISTENT_THERMAL_SOURCE,ml-poc-1,0.9424,0.0384,0.0104,0.0088
EVT-20260927-DCDEED20,LIKELY_AG_BURNING,ml-poc-1,0.1899,0.1008,0.2013,0.508
EVT-20260927-7D0236EC,PERSISTENT_THERMAL_SOURCE,ml-poc-1,0.841,0.0198,0.0395,0.0997
EVT-20260927-8C6917C2,PERSISTENT_THERMAL_SOURCE,ml-poc-1,0.9301,0.0082,0.0222,0.0395
EVT-20260927-084319E7,PERSISTENT_THERMAL_SOURCE,ml-poc-1,0.7992,0.0337,0.1366,0.0304
EVT-20260926-91B667DF,PERSISTENT_THERMAL_SOURCE,ml-poc-1,0.959,0.0048,0.0172,0.019
EVT-20260927-F3E2DF15,PERSISTENT_THERMAL_SOURCE,ml-poc-1,0.9312,0.0087,0.0223,0.0378
EVT-20260926-85834556,PERSISTENT_THERMAL_SOURCE,ml-poc-1,0.9607,0.0048,0.0137,0.0208
EVT-20260926-1E2B30C4,PERSISTENT_THERMAL_SOURCE,ml-poc-1,0.9613,0.0048,0.0129,0.021
EVT-20260922-A4476CFC,PERSISTENT_THERMAL_SOURCE,ml-poc-1,0.9772,0.0079,0.0062,0.0086
EVT-20260927-3455A261,PERSISTENT_THERMAL_SOURCE,ml-poc-1,0.9484,0.0056,0.0228,0.0232
EVT-20260927-42E90BC7,PERSISTENT_THERMAL_SOURCE,ml-poc-1,0.845,0.0193,0.0385,0.0972
EVT-20260927-B6D41EFB,PERSISTENT_THERMAL_SOURCE,ml-poc-1,0.845,0.0193,0.0385,0.0972
EVT-20260925-52845AF7,PERSISTENT_THERMAL_SOURCE,ml-poc-1,0.9541,0.0167,0.0098,0.0193
EVT-20260927-52CA2F17,PERSISTENT_THERMAL_SOURCE,ml-poc-1,0.845,0.0193,0.0385,0.0972
EVT-20260922-24FBEF38,PERSISTENT_THERMAL_SOURCE,ml-poc-1,0.845,0.0193,0.0385,0.0972
EVT-20260924-29F6CEA4,PERSISTENT_THERMAL_SOURCE,ml-poc-1,0.9888,0.0037,0.0033,0.0042
EVT-20260922-E7866784,PERSISTENT_THERMAL_SOURCE,ml-poc-1,0.96,0.0048,0.0166,0.0186
EVT-20260927-D49038D7,PERSISTENT_THERMAL_SOURCE,ml-poc-1,0.912,0.0132,0.0269,0.0478
EVT-20260922-23379E5C,PERSISTENT_THERMAL_SOURCE,ml-poc-1,0.845,0.0193,0.0385,0.0972
EVT-20260923-29C60506,PERSISTENT_THERMAL_SOURCE,ml-poc-1,0.9541,0.0167,0.0098,0.0193
EVT-20260925-AB743940,PERSISTENT_THERMAL_SOURCE,ml-poc-1,0.987,0.0039,0.0045,0.0045
EVT-20260927-8E34D434,PERSISTENT_THERMAL_SOURCE,ml-poc-1,0.845,0.0193,0.0385,0.0972
EVT-20260922-C9A79372,PERSISTENT_THERMAL_SOURCE,ml-poc-1,0.8792,0.0154,0.0313,0.074
EVT-20260924-B09CE9BD,PERSISTENT_THERMAL_SOURCE,ml-poc-1,0.9541,0.0167,0.0098,0.0193
EVT-20260926-AF77C1B8,PERSISTENT_THERMAL_SOURCE,ml-poc-1,0.9563,0.0054,0.0145,0.0238
EVT-20260922-AEDF4B2A,PERSISTENT_THERMAL_SOURCE,ml-poc-1,0.9853,0.005,0.0041,0.0056
EVT-20260924-102D77BE,PERSISTENT_THERMAL_SOURCE,ml-poc-1,0.9439,0.0228,0.0113,0.0221
EVT-20260927-695C23F3,PERSISTENT_THERMAL_SOURCE,ml-poc-1,0.9266,0.0087,0.0232,0.0414
EVT-20260922-1605F887,PERSISTENT_THERMAL_SOURCE,ml-poc-1,0.9533,0.0057,0.0173,0.0237
EVT-20260924-0617AF99,PERSISTENT_THERMAL_SOURCE,ml-poc-1,0.9461,0.0061,0.0215,0.0263
EVT-20260927-74EC8769,PERSISTENT_THERMAL_SOURCE,ml-poc-1,0.9431,0.0067,0.0219,0.0283
EVT-20260927-037BACD7,PERSISTENT_THERMAL_SOURCE,ml-poc-1,0.841,0.0198,0.0395,0.0997
EVT-20260927-4831807C,PERSISTENT_THERMAL_SOURCE,ml-poc-1,0.8345,0.0206,0.0411,0.1038
EVT-20260927-974AFFDB,PERSISTENT_THERMAL_SOURCE,ml-poc-1,0.943,0.0067,0.0182,0.0321
EVT-20260926-947BC5E7,PERSISTENT_THERMAL_SOURCE,ml-poc-1,0.96,0.0048,0.0149,0.0204
EVT-20260927-16E0BBEE,PERSISTENT_THERMAL_SOURCE,ml-poc-1,0.845,0.0193,0.0385,0.0972
EVT-20260927-B83CC305,PERSISTENT_THERMAL_SOURCE,ml-poc-1,0.841,0.0198,0.0395,0.0997
EVT-20260926-B04A2B26,PERSISTENT_THERMAL_SOURCE,ml-poc-1,0.8878,0.034,0.047,0.0312
EVT-20260926-2718DAC7,PERSISTENT_THERMAL_SOURCE,ml-poc-1,0.9598,0.0048,0.015,0.0204
EVT-20260926-95ED879B,PERSISTENT_THERMAL_SOURCE,ml-poc-1,0.9492,0.0059,0.0233,0.0216
EVT-20260927-041F99F2,PERSISTENT_THERMAL_SOURCE,ml-poc-1,0.841,0.0198,0.0395,0.0997
EVT-20260922-6E3FB383,PERSISTENT_THERMAL_SOURCE,ml-poc-1,0.9431,0.0067,0.0188,0.0314
EVT-20260926-8634C1F3,PERSISTENT_THERMAL_SOURCE,ml-poc-1,0.9608,0.0048,0.0136,0.0208
EVT-20260927-FD533649,PERSISTENT_THERMAL_SOURCE,ml-poc-1,0.841,0.0198,0.0395,0.0997
EVT-20260926-F444649F,PERSISTENT_THERMAL_SOURCE,ml-poc-1,0.845,0.0193,0.0385,0.0972
EVT-20260927-605D7638,PERSISTENT_THERMAL_SOURCE,ml-poc-1,0.845,0.0193,0.0385,0.0972
EVT-20260927-1E684B5F,PERSISTENT_THERMAL_SOURCE,ml-poc-1,0.845,0.0193,0.0385,0.0972
EVT-20260927-4A1744E5,PERSISTENT_THERMAL_SOURCE,ml-poc-1,0.9051,0.0099,0.0474,0.0376
EVT-20260927-1D3A7091,PERSISTENT_THERMAL_SOURCE,ml-poc-1,0.9427,0.0067,0.0182,0.0324
EVT-20260927-0F6658DB,PERSISTENT_THERMAL_SOURCE,ml-poc-1,0.824,0.0225,0.0387,0.1147
EVT-20260924-BA12ADBD,PERSISTENT_THERMAL_SOURCE,ml-poc-1,0.946,0.0056,0.0257,0.0226
EVT-20260927-D7DAEFE3,PERSISTENT_THERMAL_SOURCE,ml-poc-1,0.845,0.0193,0.0385,0.0972
EVT-20260923-675F68BA,PERSISTENT_THERMAL_SOURCE,ml-poc-1,0.9414,0.0383,0.0112,0.009
EVT-20260927-2FC9EC2C,LIKELY_WILDFIRE,ml-poc-1,0.1465,0.2772,0.2973,0.279
EVT-20260926-A0A6C0FF,PERSISTENT_THERMAL_SOURCE,ml-poc-1,0.9605,0.0048,0.0164,0.0183
EVT-20260922-FE8A5768,PERSISTENT_THERMAL_SOURCE,ml-poc-1,0.9775,0.0078,0.0061,0.0085
EVT-20260927-4306B772,PERSISTENT_THERMAL_SOURCE,ml-poc-1,0.841,0.0198,0.0395,0.0997
EVT-20260927-3313DD7E,PERSISTENT_THERMAL_SOURCE,ml-poc-1,0.845,0.0193,0.0385,0.0972
EVT-20260926-0FF2DF30,PERSISTENT_THERMAL_SOURCE,ml-poc-1,0.959,0.0048,0.0172,0.019
EVT-20260922-7261AE1D,PERSISTENT_THERMAL_SOURCE,ml-poc-1,0.824,0.0225,0.0387,0.1147
EVT-20260925-389D2A9F,PERSISTENT_THERMAL_SOURCE,ml-poc-1,0.824,0.0225,0.0387,0.1147
EVT-20260927-B7DED9DC,PERSISTENT_THERMAL_SOURCE,ml-poc-1,0.824,0.0225,0.0387,0.1147
EVT-20260927-28B92722,PERSISTENT_THERMAL_SOURCE,ml-poc-1,0.824,0.0225,0.0387,0.1147
EVT-20260927-39302873,PERSISTENT_THERMAL_SOURCE,ml-poc-1,0.8252,0.0226,0.0388,0.1135
EVT-20260922-FFDFCAB1,LIKELY_WILDFIRE,ml-poc-1,0.0869,0.2813,0.5112,0.1205
EVT-20260927-31F3541B,PERSISTENT_THERMAL_SOURCE,ml-poc-1,0.824,0.0225,0.0387,0.1147
EVT-20260926-61BD3BE1,PERSISTENT_THERMAL_SOURCE,ml-poc-1,0.9458,0.0062,0.0183,0.0297
EVT-20260927-DB7DBD34,PERSISTENT_THERMAL_SOURCE,ml-poc-1,0.9427,0.0067,0.0182,0.0324
EVT-20260925-7CED4A4B,LIKELY_AG_BURNING,ml-poc-1,0.0087,0.0026,0.0028,0.986
EVT-20260927-184E510C,LIKELY_WILDFIRE,ml-poc-1,0.0868,0.2032,0.5624,0.1475
EVT-20260927-AF7FDC01,PERSISTENT_THERMAL_SOURCE,ml-poc-1,0.845,0.0193,0.0385,0.0972
EVT-20260927-69DE3878,PERSISTENT_THERMAL_SOURCE,ml-poc-1,0.9419,0.0071,0.0189,0.032
EVT-20260927-6964F686,PERSISTENT_THERMAL_SOURCE,ml-poc-1,0.9536,0.0056,0.0183,0.0225
EVT-20260926-5E0E4D5A,LIKELY_AG_BURNING,ml-poc-1,0.1026,0.1371,0.2162,0.544
EVT-20260928-DDF39FEA,CANDIDATE_INDUSTRIAL_FIRE,ml-poc-1,0.0736,0.5024,0.1558,0.2683
EVT-20260925-833A4B22,LIKELY_WILDFIRE,ml-poc-1,0.3197,0.0114,0.6394,0.0295
EVT-20260928-D757F164,LIKELY_AG_BURNING,ml-poc-1,0.141,0.1214,0.1875,0.5501
EVT-20260928-5248451F,CANDIDATE_INDUSTRIAL_FIRE,ml-poc-1,0.0629,0.5506,0.1563,0.2303
EVT-20260928-2FDC5AB1,LIKELY_WILDFIRE,ml-poc-1,0.0091,0.0476,0.9238,0.0195
EVT-20260928-2871E058,PERSISTENT_THERMAL_SOURCE,ml-poc-1,0.8379,0.0207,0.0388,0.1026
EVT-20260928-11D2EA1D,PERSISTENT_THERMAL_SOURCE,ml-poc-1,0.8312,0.0224,0.0385,0.108
EVT-20260928-5A43EEE9,PERSISTENT_THERMAL_SOURCE,ml-poc-1,0.8288,0.0223,0.0384,0.1105
EVT-20260925-C70C9D3A,LIKELY_AG_BURNING,ml-poc-1,0.1446,0.111,0.2895,0.4549
EVT-20260928-D9676D23,PERSISTENT_THERMAL_SOURCE,ml-poc-1,0.6354,0.0467,0.0803,0.2376
EVT-20260927-5FE3DD1C,PERSISTENT_THERMAL_SOURCE,ml-poc-1,0.946,0.0069,0.0157,0.0314
EVT-20260928-629E32F3,PERSISTENT_THERMAL_SOURCE,ml-poc-1,0.8262,0.0222,0.0383,0.1133
EVT-20260923-4397A23A,LIKELY_AG_BURNING,ml-poc-1,0.1569,0.1079,0.1856,0.5496
EVT-20260927-A215C868,PERSISTENT_THERMAL_SOURCE,ml-poc-1,0.6354,0.0467,0.0803,0.2376
EVT-20260928-591EB70F,LIKELY_WILDFIRE,ml-poc-1,0.0353,0.231,0.6166,0.1171
EVT-20260928-97731368,PERSISTENT_THERMAL_SOURCE,ml-poc-1,0.8262,0.0222,0.0383,0.1133
EVT-20260928-3586F7DC,PERSISTENT_THERMAL_SOURCE,ml-poc-1,0.9101,0.01,0.0231,0.0569
EVT-20260928-65535C10,PERSISTENT_THERMAL_SOURCE,ml-poc-1,0.8262,0.0222,0.0383,0.1133
EVT-20260928-1C67E094,LIKELY_AG_BURNING,ml-poc-1,0.1431,0.1169,0.1881,0.5519
EVT-20260923-79CB1CE0,LIKELY_AG_BURNING,ml-poc-1,0.1134,0.1132,0.2259,0.5475
EVT-20260927-DDF34612,LIKELY_WILDFIRE,ml-poc-1,0.0662,0.2894,0.5204,0.124
EVT-20260927-23ED21F2,LIKELY_WILDFIRE,ml-poc-1,0.0723,0.2642,0.5327,0.1309
EVT-20260928-A16F68D8,PERSISTENT_THERMAL_SOURCE,ml-poc-1,0.8262,0.0222,0.0383,0.1133
EVT-20260928-5F478D3F,PERSISTENT_THERMAL_SOURCE,ml-poc-1,0.8348,0.0218,0.0369,0.1066
EVT-20260928-C942DCEC,PERSISTENT_THERMAL_SOURCE,ml-poc-1,0.8262,0.0222,0.0383,0.1133
EVT-20260923-1B72A97B,LIKELY_AG_BURNING,ml-poc-1,0.1572,0.1112,0.1881,0.5435
EVT-20260927-D92F734B,LIKELY_AG_BURNING,ml-poc-1,0.1698,0.107,0.2158,0.5075
EVT-20260928-16C44548,PERSISTENT_THERMAL_SOURCE,ml-poc-1,0.9126,0.0105,0.0244,0.0525
EVT-20260927-6B6F50C3,LIKELY_AG_BURNING,ml-poc-1,0.1637,0.0981,0.2115,0.5267
EVT-20260928-E02C6C56,PERSISTENT_THERMAL_SOURCE,ml-poc-1,0.7818,0.0279,0.048,0.1422
EVT-20260927-8B57BF18,LIKELY_AG_BURNING,ml-poc-1,0.1351,0.0952,0.3642,0.4054
EVT-20260927-82BCE8A2,PERSISTENT_THERMAL_SOURCE,ml-poc-1,0.9156,0.0101,0.0224,0.0519
EVT-20260923-689C1694,LIKELY_AG_BURNING,ml-poc-1,0.008,0.0026,0.0028,0.9866
EVT-20260926-0207922A,PERSISTENT_THERMAL_SOURCE,ml-poc-1,0.837,0.0184,0.0629,0.0817
EVT-20260926-901DE55E,LIKELY_AG_BURNING,ml-poc-1,0.008,0.0026,0.0028,0.9866
EVT-20260928-645F6341,LIKELY_WILDFIRE,ml-poc-1,0.0432,0.3504,0.4693,0.137
EVT-20260928-E2C1B47F,PERSISTENT_THERMAL_SOURCE,ml-poc-1,0.8262,0.0222,0.0383,0.1133
EVT-20260928-547DFD1C,PERSISTENT_THERMAL_SOURCE,ml-poc-1,0.8118,0.0241,0.0414,0.1227
EVT-20260926-6066BCBF,LIKELY_WILDFIRE,ml-poc-1,0.0768,0.2057,0.5408,0.1768
EVT-20260927-B0AA3CB2,PERSISTENT_THERMAL_SOURCE,ml-poc-1,0.9417,0.0071,0.0172,0.034
EVT-20260928-794BD56B,PERSISTENT_THERMAL_SOURCE,ml-poc-1,0.8262,0.0222,0.0383,0.1133
EVT-20260923-077166AF,LIKELY_AG_BURNING,ml-poc-1,0.1767,0.094,0.209,0.5203
EVT-20260927-9AA11063,LIKELY_AG_BURNING,ml-poc-1,0.1431,0.1169,0.1881,0.5519
EVT-20260928-F85B947E,PERSISTENT_THERMAL_SOURCE,ml-poc-1,0.792,0.0274,0.0464,0.1342
EVT-20260927-7F898ADA,CANDIDATE_INDUSTRIAL_FIRE,ml-poc-1,0.1026,0.3438,0.2568,0.2968
EVT-20260928-F7389AC1,LIKELY_AG_BURNING,ml-poc-1,0.0964,0.1289,0.1987,0.576
EVT-20260928-F97F349C,CANDIDATE_INDUSTRIAL_FIRE,ml-poc-1,0.0796,0.4613,0.1686,0.2905
EVT-20260928-707D99DE,PERSISTENT_THERMAL_SOURCE,ml-poc-1,0.9129,0.01,0.0273,0.0498
EVT-20260928-2D1AA5FE,LIKELY_AG_BURNING,ml-poc-1,0.1282,0.0972,0.2957,0.479
EVT-20260926-623DE260,PERSISTENT_THERMAL_SOURCE,ml-poc-1,0.6154,0.1141,0.1589,0.1116
EVT-20260928-521BC30B,PERSISTENT_THERMAL_SOURCE,ml-poc-1,0.9353,0.0083,0.0217,0.0347
EVT-20260928-94667BF5,LIKELY_AG_BURNING,ml-poc-1,0.1017,0.1359,0.2142,0.5482
EVT-20260927-E2B7C622,CANDIDATE_INDUSTRIAL_FIRE,ml-poc-1,0.0654,0.5511,0.145,0.2384
EVT-20260928-C97A48BB,PERSISTENT_THERMAL_SOURCE,ml-poc-1,0.8262,0.0222,0.0383,0.1133
EVT-20260926-CA02746F,LIKELY_AG_BURNING,ml-poc-1,0.1458,0.1176,0.2548,0.4818
EVT-20260928-162D6724,PERSISTENT_THERMAL_SOURCE,ml-poc-1,0.8262,0.0222,0.0383,0.1133
EVT-20260928-0EB05AB5,PERSISTENT_THERMAL_SOURCE,ml-poc-1,0.9024,0.011,0.0249,0.0617
EVT-20260926-59B70A64,CANDIDATE_INDUSTRIAL_FIRE,ml-poc-1,0.1187,0.3231,0.2455,0.3127
EVT-20260928-015D0557,PERSISTENT_THERMAL_SOURCE,ml-poc-1,0.8999,0.0111,0.0277,0.0613
EVT-20260926-135ED89F,LIKELY_WILDFIRE,ml-poc-1,0.1167,0.2885,0.3329,0.262
EVT-20260928-8B55E96A,PERSISTENT_THERMAL_SOURCE,ml-poc-1,0.8262,0.0222,0.0383,0.1133
EVT-20260928-DA5B855D,CANDIDATE_INDUSTRIAL_FIRE,ml-poc-1,0.0736,0.5024,0.1558,0.2683
EVT-20260928-F3FBA67E,CANDIDATE_INDUSTRIAL_FIRE,ml-poc-1,0.0744,0.5398,0.1814,0.2043
EVT-20260925-F5221B94,LIKELY_AG_BURNING,ml-poc-1,0.0093,0.0024,0.0033,0.9851
EVT-20260926-2A8EA852,LIKELY_WILDFIRE,ml-poc-1,0.0777,0.2086,0.5478,0.1658
EVT-20260928-C7F56DDF,PERSISTENT_THERMAL_SOURCE,ml-poc-1,0.8262,0.0222,0.0383,0.1133
EVT-20260928-7108C6AF,LIKELY_AG_BURNING,ml-poc-1,0.1614,0.1122,0.212,0.5144
EVT-20260928-7881A582,LIKELY_AG_BURNING,ml-poc-1,0.1614,0.1122,0.212,0.5144
EVT-20260928-81EE4287,LIKELY_AG_BURNING,ml-poc-1,0.1566,0.1095,0.1882,0.5457
EVT-20260926-BEE21931,LIKELY_AG_BURNING,ml-poc-1,0.0273,0.0029,0.0063,0.9635
EVT-20260928-4FA9F3EC,PERSISTENT_THERMAL_SOURCE,ml-poc-1,0.8286,0.0223,0.0384,0.1107
EVT-20260926-3A20D1A1,LIKELY_AG_BURNING,ml-poc-1,0.0081,0.0026,0.0028,0.9865
EVT-20260928-87EFFBFF,PERSISTENT_THERMAL_SOURCE,ml-poc-1,0.8405,0.022,0.0371,0.1004
EVT-20260926-43AD3AE3,PERSISTENT_THERMAL_SOURCE,ml-poc-1,0.9443,0.0066,0.0262,0.0228
EVT-20260928-F86433E3,PERSISTENT_THERMAL_SOURCE,ml-poc-1,0.8415,0.0197,0.0394,0.0994
EVT-20260926-655F18B5,PERSISTENT_THERMAL_SOURCE,ml-poc-1,0.8018,0.0247,0.0492,0.1243
EVT-20260928-7C00AACA,PERSISTENT_THERMAL_SOURCE,ml-poc-1,0.843,0.0195,0.039,0.0985
EVT-20260928-E5B259B5,PERSISTENT_THERMAL_SOURCE,ml-poc-1,0.843,0.0195,0.039,0.0985
EVT-20260928-3F7F0009,PERSISTENT_THERMAL_SOURCE,ml-poc-1,0.843,0.0195,0.039,0.0985
EVT-20260928-60004269,LIKELY_AG_BURNING,ml-poc-1,0.1564,0.1153,0.2056,0.5227
EVT-20260927-A77D5265,PERSISTENT_THERMAL_SOURCE,ml-poc-1,0.843,0.0195,0.039,0.0985
EVT-20260928-633B59D7,PERSISTENT_THERMAL_SOURCE,ml-poc-1,0.8018,0.0247,0.0492,0.1243
EVT-20260928-52EBD168,PERSISTENT_THERMAL_SOURCE,ml-poc-1,0.9309,0.0084,0.0221,0.0386
EVT-20260928-08888700,LIKELY_AG_BURNING,ml-poc-1,0.1606,0.1164,0.211,0.512
EVT-20260928-683124E3,LIKELY_AG_BURNING,ml-poc-1,0.1088,0.1238,0.224,0.5435
EVT-20260928-B0EACB73,PERSISTENT_THERMAL_SOURCE,ml-poc-1,0.843,0.0195,0.039,0.0985
EVT-20260928-636B0754,PERSISTENT_THERMAL_SOURCE,ml-poc-1,0.843,0.0195,0.039,0.0985
EVT-20260928-14C27683,PERSISTENT_THERMAL_SOURCE,ml-poc-1,0.8296,0.0212,0.0423,0.1068
EVT-20260928-8EA6E1DB,PERSISTENT_THERMAL_SOURCE,ml-poc-1,0.843,0.0195,0.039,0.0985
EVT-20260928-D76109AD,PERSISTENT_THERMAL_SOURCE,ml-poc-1,0.843,0.0195,0.039,0.0985
EVT-20260927-0C6C4950,PERSISTENT_THERMAL_SOURCE,ml-poc-1,0.9542,0.0061,0.0159,0.0238
EVT-20260928-DDBAA104,PERSISTENT_THERMAL_SOURCE,ml-poc-1,0.843,0.0195,0.039,0.0985
EVT-20260928-E08FF56D,PERSISTENT_THERMAL_SOURCE,ml-poc-1,0.8415,0.0197,0.0394,0.0994
EVT-20260928-34305D01,PERSISTENT_THERMAL_SOURCE,ml-poc-1,0.843,0.0195,0.039,0.0985
EVT-20260928-361D0407,LIKELY_AG_BURNING,ml-poc-1,0.1542,0.1184,0.2123,0.5151
EVT-20260928-A37DE3C0,PERSISTENT_THERMAL_SOURCE,ml-poc-1,0.843,0.0195,0.039,0.0985
EVT-20260928-F8C7477F,LIKELY_AG_BURNING,ml-poc-1,0.1045,0.126,0.2466,0.523
EVT-20260926-05884ACB,PERSISTENT_THERMAL_SOURCE,ml-poc-1,0.9556,0.0185,0.0091,0.0167
EVT-20260927-FDB982AE,LIKELY_AG_BURNING,ml-poc-1,0.2879,0.0925,0.2422,0.3774
EVT-20260928-BC534D06,LIKELY_AG_BURNING,ml-poc-1,0.1091,0.1241,0.2457,0.5211
EVT-20260928-5C36073E,LIKELY_AG_BURNING,ml-poc-1,0.1088,0.1238,0.224,0.5435
EVT-20260928-182FCB83,LIKELY_AG_BURNING,ml-poc-1,0.1614,0.1122,0.212,0.5144
EVT-20260928-77CE4E7F,PERSISTENT_THERMAL_SOURCE,ml-poc-1,0.8366,0.0203,0.0406,0.1024
EVT-20260928-C302D6A4,PERSISTENT_THERMAL_SOURCE,ml-poc-1,0.843,0.0195,0.039,0.0985
EVT-20260928-4C120478,PERSISTENT_THERMAL_SOURCE,ml-poc-1,0.7907,0.0272,0.0469,0.1352
EVT-20260928-3E70D60B,PERSISTENT_THERMAL_SOURCE,ml-poc-1,0.8546,0.0192,0.0377,0.0884
EVT-20260928-0793D02F,PERSISTENT_THERMAL_SOURCE,ml-poc-1,0.843,0.0195,0.039,0.0985
EVT-20260928-AAC43A32,PERSISTENT_THERMAL_SOURCE,ml-poc-1,0.7961,0.0257,0.0489,0.1293
EVT-20260927-051ED194,LIKELY_AG_BURNING,ml-poc-1,0.3019,0.0952,0.2357,0.3672
EVT-20260928-480491D1,PERSISTENT_THERMAL_SOURCE,ml-poc-1,0.843,0.0195,0.039,0.0985
EVT-20260928-663BF702,LIKELY_AG_BURNING,ml-poc-1,0.1045,0.126,0.2466,0.523
EVT-20260928-97B51B1D,PERSISTENT_THERMAL_SOURCE,ml-poc-1,0.8382,0.0204,0.0388,0.1026
EVT-20260928-760DB36C,PERSISTENT_THERMAL_SOURCE,ml-poc-1,0.843,0.0195,0.039,0.0985
EVT-20260928-52D8F9F3,PERSISTENT_THERMAL_SOURCE,ml-poc-1,0.8379,0.0207,0.0388,0.1026
EVT-20260928-BBCAF01D,CANDIDATE_INDUSTRIAL_FIRE,ml-poc-1,0.0851,0.4886,0.1926,0.2336
EVT-20260928-C2F13DDB,PERSISTENT_THERMAL_SOURCE,ml-poc-1,0.8382,0.0204,0.0388,0.1026
EVT-20260928-1B0A0070,PERSISTENT_THERMAL_SOURCE,ml-poc-1,0.843,0.0195,0.039,0.0985
EVT-20260928-C6586EC2,PERSISTENT_THERMAL_SOURCE,ml-poc-1,0.8382,0.0204,0.0388,0.1026
EVT-20260927-CB5FDB85,PERSISTENT_THERMAL_SOURCE,ml-poc-1,0.843,0.0195,0.039,0.0985
EVT-20260928-BEC384DB,PERSISTENT_THERMAL_SOURCE,ml-poc-1,0.8296,0.0212,0.0423,0.1068
EVT-20260928-1DC2D559,PERSISTENT_THERMAL_SOURCE,ml-poc-1,0.843,0.0195,0.039,0.0985
EVT-20260923-4A248607,PERSISTENT_THERMAL_SOURCE,ml-poc-1,0.843,0.0195,0.039,0.0985
EVT-20260927-49121F6B,PERSISTENT_THERMAL_SOURCE,ml-poc-1,0.9559,0.0053,0.0202,0.0185
EVT-20260928-14BEC54A,PERSISTENT_THERMAL_SOURCE,ml-poc-1,0.843,0.0195,0.039,0.0985
EVT-20260923-7537C400,PERSISTENT_THERMAL_SOURCE,ml-poc-1,0.8366,0.0203,0.0406,0.1024
EVT-20260927-C9CAD750,PERSISTENT_THERMAL_SOURCE,ml-poc-1,0.9532,0.0063,0.016,0.0245
EVT-20260928-E591B421,PERSISTENT_THERMAL_SOURCE,ml-poc-1,0.8382,0.0204,0.0388,0.1026
EVT-20260928-CC18529D,PERSISTENT_THERMAL_SOURCE,ml-poc-1,0.843,0.0195,0.039,0.0985
EVT-20260928-D4A6C6AB,PERSISTENT_THERMAL_SOURCE,ml-poc-1,0.9318,0.0082,0.023,0.037
EVT-20260923-BF56FCA6,PERSISTENT_THERMAL_SOURCE,ml-poc-1,0.8888,0.0136,0.0325,0.0651
EVT-20260928-42C42B18,PERSISTENT_THERMAL_SOURCE,ml-poc-1,0.9181,0.0097,0.0283,0.0439
EVT-20260928-9CFFA03A,PERSISTENT_THERMAL_SOURCE,ml-poc-1,0.8788,0.0167,0.0326,0.0718
EVT-20260923-51676A80,PERSISTENT_THERMAL_SOURCE,ml-poc-1,0.906,0.0116,0.0299,0.0526
EVT-20260926-F160A528,PERSISTENT_THERMAL_SOURCE,ml-poc-1,0.9559,0.0053,0.0202,0.0185
EVT-20260928-9766105E,PERSISTENT_THERMAL_SOURCE,ml-poc-1,0.8366,0.0203,0.0406,0.1024
EVT-20260928-865844B2,PERSISTENT_THERMAL_SOURCE,ml-poc-1,0.8382,0.0204,0.0388,0.1026
EVT-20260927-ADAC9BD6,PERSISTENT_THERMAL_SOURCE,ml-poc-1,0.9564,0.0053,0.02,0.0183
EVT-20260928-FC6B38E9,LIKELY_AG_BURNING,ml-poc-1,0.1727,0.103,0.2056,0.5188
EVT-20260928-0AD5810F,PERSISTENT_THERMAL_SOURCE,ml-poc-1,0.843,0.0195,0.039,0.0985
EVT-20260923-D282301E,PERSISTENT_THERMAL_SOURCE,ml-poc-1,0.9203,0.0129,0.0255,0.0413
EVT-20260926-49D4C01C,PERSISTENT_THERMAL_SOURCE,ml-poc-1,0.937,0.0087,0.0217,0.0326
EVT-20260928-177FD145,PERSISTENT_THERMAL_SOURCE,ml-poc-1,0.843,0.0195,0.039,0.0985
EVT-20260928-EC5B5DCC,PERSISTENT_THERMAL_SOURCE,ml-poc-1,0.8872,0.0175,0.0345,0.0608
EVT-20260928-4DACA891,PERSISTENT_THERMAL_SOURCE,ml-poc-1,0.8495,0.02,0.0375,0.0929
EVT-20260928-5020BDF1,PERSISTENT_THERMAL_SOURCE,ml-poc-1,0.8382,0.0204,0.0388,0.1026
EVT-20260928-541CA834,PERSISTENT_THERMAL_SOURCE,ml-poc-1,0.8366,0.0203,0.0406,0.1024
EVT-20260928-CA172ACC,PERSISTENT_THERMAL_SOURCE,ml-poc-1,0.8366,0.0203,0.0406,0.1024
EVT-20260928-DE6EC931,PERSISTENT_THERMAL_SOURCE,ml-poc-1,0.843,0.0195,0.039,0.0985
EVT-20260928-52CCFF62,PERSISTENT_THERMAL_SOURCE,ml-poc-1,0.843,0.0195,0.039,0.0985
EVT-20260928-55859F97,PERSISTENT_THERMAL_SOURCE,ml-poc-1,0.8382,0.0204,0.0388,0.1026
EVT-20260928-C653131A,LIKELY_AG_BURNING,ml-poc-1,0.0958,0.128,0.1973,0.5789
EVT-20260928-5AD8B188,PERSISTENT_THERMAL_SOURCE,ml-poc-1,0.8262,0.0222,0.0383,0.1133
EVT-20260928-F323057E,PERSISTENT_THERMAL_SOURCE,ml-poc-1,0.843,0.0195,0.039,0.0985
EVT-20260928-2D0D5142,PERSISTENT_THERMAL_SOURCE,ml-poc-1,0.8262,0.0222,0.0383,0.1133
EVT-20260928-85EBE77B,PERSISTENT_THERMAL_SOURCE,ml-poc-1,0.8262,0.0222,0.0383,0.1133
EVT-20260928-4C697853,PERSISTENT_THERMAL_SOURCE,ml-poc-1,0.8286,0.0223,0.0384,0.1107
EVT-20260927-3859894B,LIKELY_AG_BURNING,ml-poc-1,0.1732,0.1069,0.2991,0.4209
EVT-20260928-DB0071EA,PERSISTENT_THERMAL_SOURCE,ml-poc-1,0.843,0.0195,0.039,0.0985
EVT-20260928-CF5DE649,PERSISTENT_THERMAL_SOURCE,ml-poc-1,0.887,0.0175,0.0413,0.0542
EVT-20260923-4C2FDC21,PERSISTENT_THERMAL_SOURCE,ml-poc-1,0.9504,0.0201,0.01,0.0195
EVT-20260928-A366C9E9,PERSISTENT_THERMAL_SOURCE,ml-poc-1,0.7646,0.0293,0.0585,0.1476
EVT-20260928-96052425,PERSISTENT_THERMAL_SOURCE,ml-poc-1,0.843,0.0195,0.039,0.0985
EVT-20260928-0DD88D63,PERSISTENT_THERMAL_SOURCE,ml-poc-1,0.9356,0.0073,0.0297,0.0274
EVT-20260928-BCCEF28F,PERSISTENT_THERMAL_SOURCE,ml-poc-1,0.9293,0.0086,0.0272,0.0349
EVT-20260928-7DE9FE4F,PERSISTENT_THERMAL_SOURCE,ml-poc-1,0.8366,0.0203,0.0406,0.1024
EVT-20260923-C020936C,PERSISTENT_THERMAL_SOURCE,ml-poc-1,0.8619,0.0406,0.0614,0.036
EVT-20260928-344D111E,PERSISTENT_THERMAL_SOURCE,ml-poc-1,0.6545,0.0442,0.0827,0.2186
EVT-20260928-13CFB9F5,PERSISTENT_THERMAL_SOURCE,ml-poc-1,0.8296,0.0212,0.0423,0.1068
EVT-20260923-F628ACCE,PERSISTENT_THERMAL_SOURCE,ml-poc-1,0.9504,0.0201,0.01,0.0195
EVT-20260926-51232A76,PERSISTENT_THERMAL_SOURCE,ml-poc-1,0.9498,0.021,0.0104,0.0189
EVT-20260927-EAFC2C83,PERSISTENT_THERMAL_SOURCE,ml-poc-1,0.8867,0.0117,0.0615,0.04
EVT-20260923-83B8032D,PERSISTENT_THERMAL_SOURCE,ml-poc-1,0.954,0.0055,0.0217,0.0189
EVT-20260925-5276610D,PERSISTENT_THERMAL_SOURCE,ml-poc-1,0.857,0.0427,0.0632,0.0371
EVT-20260925-E75FDFD6,CANDIDATE_INDUSTRIAL_FIRE,ml-poc-1,0.1209,0.3233,0.2968,0.259
EVT-20260928-925568A8,PERSISTENT_THERMAL_SOURCE,ml-poc-1,0.843,0.0195,0.039,0.0985
EVT-20260928-D61ADA28,PERSISTENT_THERMAL_SOURCE,ml-poc-1,0.6631,0.0419,0.0837,0.2112
EVT-20260924-356B9B1E,LIKELY_WILDFIRE,ml-poc-1,0.004,0.0055,0.986,0.0045
EVT-20260928-BFF5E4E9,PERSISTENT_THERMAL_SOURCE,ml-poc-1,0.8546,0.0192,0.0377,0.0884
EVT-20260928-8EA50687,PERSISTENT_THERMAL_SOURCE,ml-poc-1,0.8262,0.0222,0.0383,0.1133
EVT-20260928-0A95DBE9,LIKELY_WILDFIRE,ml-poc-1,0.0453,0.3706,0.4227,0.1614
EVT-20260928-2A614D63,CANDIDATE_INDUSTRIAL_FIRE,ml-poc-1,0.0805,0.5055,0.1823,0.2317
EVT-20260928-55B41D11,LIKELY_WILDFIRE,ml-poc-1,0.0338,0.1911,0.7068,0.0683
EVT-20260928-F251D0C8,LIKELY_AG_BURNING,ml-poc-1,0.1606,0.1164,0.211,0.512
EVT-20260927-E1FF8FD5,LIKELY_WILDFIRE,ml-poc-1,0.0355,0.2713,0.5808,0.1124
EVT-20260928-8B19C306,LIKELY_WILDFIRE,ml-poc-1,0.0453,0.3708,0.4229,0.1609
EVT-20260928-51F9F4F8,LIKELY_WILDFIRE,ml-poc-1,0.0332,0.2168,0.6401,0.1099
EVT-20260928-A85DB55B,LIKELY_AG_BURNING,ml-poc-1,0.1561,0.1172,0.2051,0.5216
EVT-20260927-8FDE7765,PERSISTENT_THERMAL_SOURCE,ml-poc-1,0.8286,0.0223,0.0384,0.1107
EVT-20260927-FFB5176B,PERSISTENT_THERMAL_SOURCE,ml-poc-1,0.9355,0.0077,0.0208,0.036
EVT-20260925-3BFAA23D,LIKELY_AG_BURNING,ml-poc-1,0.0102,0.0026,0.0032,0.984
EVT-20260927-94F99EF8,PERSISTENT_THERMAL_SOURCE,ml-poc-1,0.9604,0.0048,0.0145,0.0204
EVT-20260922-5A3BA54C,PERSISTENT_THERMAL_SOURCE,ml-poc-1,0.841,0.0198,0.0395,0.0997
EVT-20260925-A7BBBB65,PERSISTENT_THERMAL_SOURCE,ml-poc-1,0.9401,0.0383,0.0127,0.009
EVT-20260922-3AC78CC3,PERSISTENT_THERMAL_SOURCE,ml-poc-1,0.9469,0.0199,0.0101,0.0232
EVT-20260926-44C7FA30,PERSISTENT_THERMAL_SOURCE,ml-poc-1,0.9545,0.0055,0.0163,0.0237
EVT-20260922-37BE9C32,PERSISTENT_THERMAL_SOURCE,ml-poc-1,0.9469,0.0199,0.0101,0.0232
EVT-20260926-B2C8682B,PERSISTENT_THERMAL_SOURCE,ml-poc-1,0.9515,0.0055,0.0194,0.0236
EVT-20260925-36B53EEA,LIKELY_AG_BURNING,ml-poc-1,0.0452,0.0028,0.005,0.947
EVT-20260923-0B917457,PERSISTENT_THERMAL_SOURCE,ml-poc-1,0.9528,0.0172,0.0101,0.0199
EVT-20260927-379FF5CF,PERSISTENT_THERMAL_SOURCE,ml-poc-1,0.841,0.0198,0.0395,0.0997
EVT-20260922-682503E3,PERSISTENT_THERMAL_SOURCE,ml-poc-1,0.9469,0.0199,0.0101,0.0232
EVT-20260927-199AC4F0,PERSISTENT_THERMAL_SOURCE,ml-poc-1,0.824,0.0225,0.0387,0.1147
EVT-20260923-59E64234,PERSISTENT_THERMAL_SOURCE,ml-poc-1,0.9504,0.0201,0.01,0.0195
EVT-20260926-BA364715,PERSISTENT_THERMAL_SOURCE,ml-poc-1,0.841,0.0198,0.0395,0.0997
EVT-20260927-F3ED7745,PERSISTENT_THERMAL_SOURCE,ml-poc-1,0.841,0.0198,0.0395,0.0997
EVT-20260927-4BA4FB9F,PERSISTENT_THERMAL_SOURCE,ml-poc-1,0.845,0.0193,0.0385,0.0972
EVT-20260927-10F1BEC0,PERSISTENT_THERMAL_SOURCE,ml-poc-1,0.9598,0.0048,0.015,0.0204
EVT-20260927-BAE323C7,PERSISTENT_THERMAL_SOURCE,ml-poc-1,0.845,0.0193,0.0385,0.0972
EVT-20260927-60B6C362,PERSISTENT_THERMAL_SOURCE,ml-poc-1,0.8792,0.0154,0.0313,0.074
EVT-20260927-BF900369,PERSISTENT_THERMAL_SOURCE,ml-poc-1,0.841,0.0198,0.0395,0.0997
EVT-20260927-3779D9D7,PERSISTENT_THERMAL_SOURCE,ml-poc-1,0.8361,0.0206,0.0393,0.1039
EVT-20260927-FB70A598,PERSISTENT_THERMAL_SOURCE,ml-poc-1,0.841,0.0198,0.0395,0.0997
EVT-20260926-C93281E6,PERSISTENT_THERMAL_SOURCE,ml-poc-1,0.9398,0.0071,0.0191,0.034
EVT-20260927-04583745,PERSISTENT_THERMAL_SOURCE,ml-poc-1,0.8345,0.0206,0.0411,0.1038
EVT-20260923-6BD7C9E7,PERSISTENT_THERMAL_SOURCE,ml-poc-1,0.9528,0.0172,0.0101,0.0199
EVT-20260927-15FC3493,PERSISTENT_THERMAL_SOURCE,ml-poc-1,0.841,0.0198,0.0395,0.0997
EVT-20260927-096764A1,PERSISTENT_THERMAL_SOURCE,ml-poc-1,0.841,0.0198,0.0395,0.0997
EVT-20260927-E3444508,PERSISTENT_THERMAL_SOURCE,ml-poc-1,0.845,0.0193,0.0385,0.0972
EVT-20260927-AB66CDE3,PERSISTENT_THERMAL_SOURCE,ml-poc-1,0.8345,0.0206,0.0411,0.1038
EVT-20260923-071E0D28,PERSISTENT_THERMAL_SOURCE,ml-poc-1,0.9528,0.0172,0.0101,0.0199
EVT-20260927-CBC0B067,PERSISTENT_THERMAL_SOURCE,ml-poc-1,0.841,0.0198,0.0395,0.0997
EVT-20260927-1F7E0083,PERSISTENT_THERMAL_SOURCE,ml-poc-1,0.841,0.0198,0.0395,0.0997
EVT-20260926-DB1A700D,PERSISTENT_THERMAL_SOURCE,ml-poc-1,0.9567,0.0054,0.0148,0.0231
EVT-20260927-8434B276,PERSISTENT_THERMAL_SOURCE,ml-poc-1,0.9424,0.0068,0.0212,0.0296
EVT-20260927-9E129E20,PERSISTENT_THERMAL_SOURCE,ml-poc-1,0.8361,0.0206,0.0393,0.1039
EVT-20260927-9C23E881,PERSISTENT_THERMAL_SOURCE,ml-poc-1,0.8358,0.021,0.0393,0.1039
EVT-20260922-2802A113,PERSISTENT_THERMAL_SOURCE,ml-poc-1,0.9525,0.0057,0.0196,0.0222
EVT-20260926-2B9005C0,PERSISTENT_THERMAL_SOURCE,ml-poc-1,0.9354,0.0083,0.0213,0.035
EVT-20260927-08D907B0,PERSISTENT_THERMAL_SOURCE,ml-poc-1,0.841,0.0198,0.0395,0.0997
EVT-20260926-A0B50847,PERSISTENT_THERMAL_SOURCE,ml-poc-1,0.9445,0.0069,0.0184,0.0302
EVT-20260927-7B019DD5,PERSISTENT_THERMAL_SOURCE,ml-poc-1,0.841,0.0198,0.0395,0.0997
EVT-20260927-69CA1F4C,PERSISTENT_THERMAL_SOURCE,ml-poc-1,0.845,0.0193,0.0385,0.0972
EVT-20260927-3C5C56A7,PERSISTENT_THERMAL_SOURCE,ml-poc-1,0.845,0.0193,0.0385,0.0972
EVT-20260924-47E867ED,PERSISTENT_THERMAL_SOURCE,ml-poc-1,0.9541,0.0167,0.0098,0.0193
EVT-20260927-6A6A9BE5,PERSISTENT_THERMAL_SOURCE,ml-poc-1,0.845,0.0193,0.0385,0.0972
EVT-20260926-7FA3F7A5,PERSISTENT_THERMAL_SOURCE,ml-poc-1,0.9418,0.0075,0.0193,0.0314
EVT-20260927-6FCB9D8E,PERSISTENT_THERMAL_SOURCE,ml-poc-1,0.8361,0.0206,0.0393,0.1039
EVT-20260927-C6752B25,PERSISTENT_THERMAL_SOURCE,ml-poc-1,0.845,0.0193,0.0385,0.0972
EVT-20260927-049DBCFE,LIKELY_AG_BURNING,ml-poc-1,0.136,0.1009,0.3147,0.4484
EVT-20260927-34FE40C0,LIKELY_AG_BURNING,ml-poc-1,0.1544,0.1153,0.1856,0.5446
EVT-20260922-FD1103DB,PERSISTENT_THERMAL_SOURCE,ml-poc-1,0.841,0.0198,0.0395,0.0997
EVT-20260927-A338C55D,PERSISTENT_THERMAL_SOURCE,ml-poc-1,0.841,0.0198,0.0395,0.0997
EVT-20260927-3EE0D868,PERSISTENT_THERMAL_SOURCE,ml-poc-1,0.841,0.0198,0.0395,0.0997
EVT-20260927-05B1EF63,PERSISTENT_THERMAL_SOURCE,ml-poc-1,0.8275,0.0215,0.0429,0.1082
EVT-20260922-B5BF4740,PERSISTENT_THERMAL_SOURCE,ml-poc-1,0.8361,0.0206,0.0393,0.1039
EVT-20260927-52E997CC,PERSISTENT_THERMAL_SOURCE,ml-poc-1,0.8361,0.0206,0.0393,0.1039
EVT-20260927-D2A39C00,PERSISTENT_THERMAL_SOURCE,ml-poc-1,0.8345,0.0206,0.0411,0.1038
EVT-20260927-8A2E809A,PERSISTENT_THERMAL_SOURCE,ml-poc-1,0.841,0.0198,0.0395,0.0997
EVT-20260923-E664117B,PERSISTENT_THERMAL_SOURCE,ml-poc-1,0.9288,0.0302,0.0129,0.0281
EVT-20260924-D13A6D98,PERSISTENT_THERMAL_SOURCE,ml-poc-1,0.948,0.0199,0.0101,0.022
EVT-20260926-1A873669,PERSISTENT_THERMAL_SOURCE,ml-poc-1,0.9392,0.0075,0.0171,0.0362
EVT-20260927-70D819A0,PERSISTENT_THERMAL_SOURCE,ml-poc-1,0.9148,0.0104,0.0269,0.0479
EVT-20260927-BC986B5A,PERSISTENT_THERMAL_SOURCE,ml-poc-1,0.845,0.0193,0.0385,0.0972
EVT-20260927-02EB3FC4,PERSISTENT_THERMAL_SOURCE,ml-poc-1,0.841,0.0198,0.0395,0.0997
EVT-20260922-05C148C1,PERSISTENT_THERMAL_SOURCE,ml-poc-1,0.9511,0.018,0.0101,0.0208
EVT-20260925-8D7DB54A,PERSISTENT_THERMAL_SOURCE,ml-poc-1,0.9511,0.018,0.0101,0.0208
EVT-20260927-75F1E21B,PERSISTENT_THERMAL_SOURCE,ml-poc-1,0.8361,0.0206,0.0393,0.1039
EVT-20260926-04E66EF2,PERSISTENT_THERMAL_SOURCE,ml-poc-1,0.829,0.0227,0.039,0.1094
EVT-20260927-D1DD07AC,PERSISTENT_THERMAL_SOURCE,ml-poc-1,0.829,0.0227,0.039,0.1094
EVT-20260927-FCA6A398,PERSISTENT_THERMAL_SOURCE,ml-poc-1,0.8792,0.0154,0.0313,0.074
EVT-20260927-20190388,PERSISTENT_THERMAL_SOURCE,ml-poc-1,0.6354,0.0467,0.0803,0.2376
EVT-20260927-B326999E,LIKELY_AG_BURNING,ml-poc-1,0.1569,0.1079,0.1856,0.5496
EVT-20260927-92F2FB07,LIKELY_AG_BURNING,ml-poc-1,0.141,0.1214,0.1875,0.5501
EVT-20260923-3BF36A16,LIKELY_AG_BURNING,ml-poc-1,0.0034,0.0261,0.0048,0.9657
EVT-20260927-15399025,PERSISTENT_THERMAL_SOURCE,ml-poc-1,0.7877,0.0281,0.0484,0.1358
EVT-20260922-5DDD748E,PERSISTENT_THERMAL_SOURCE,ml-poc-1,0.948,0.0199,0.0101,0.022
EVT-20260925-8D1D9A79,PERSISTENT_THERMAL_SOURCE,ml-poc-1,0.9866,0.0039,0.0044,0.0051
EVT-20260926-740A5A09,PERSISTENT_THERMAL_SOURCE,ml-poc-1,0.9333,0.0077,0.0198,0.0392
EVT-20260926-86501434,PERSISTENT_THERMAL_SOURCE,ml-poc-1,0.8345,0.0206,0.0411,0.1038
EVT-20260925-793AC3BE,PERSISTENT_THERMAL_SOURCE,ml-poc-1,0.9586,0.0048,0.0176,0.019
EVT-20260925-A572BC1E,LIKELY_WILDFIRE,ml-poc-1,0.1323,0.3088,0.3162,0.2427
EVT-20260925-719551C8,LIKELY_WILDFIRE,ml-poc-1,0.0682,0.1798,0.6666,0.0854
EVT-20260925-C14FD3A4,LIKELY_WILDFIRE,ml-poc-1,0.1521,0.0993,0.3943,0.3544
EVT-20260926-9F980EA8,PERSISTENT_THERMAL_SOURCE,ml-poc-1,0.9406,0.0067,0.0234,0.0293
EVT-20260926-F1244524,PERSISTENT_THERMAL_SOURCE,ml-poc-1,0.8669,0.0174,0.0304,0.0852
EVT-20260926-89C80F5C,PERSISTENT_THERMAL_SOURCE,ml-poc-1,0.9396,0.0072,0.0181,0.0351
EVT-20260926-1522033A,PERSISTENT_THERMAL_SOURCE,ml-poc-1,0.9432,0.0064,0.0217,0.0286
EVT-20260926-3E1BF2D3,PERSISTENT_THERMAL_SOURCE,ml-poc-1,0.9026,0.012,0.0266,0.0588
EVT-20260926-6A4E3C3D,PERSISTENT_THERMAL_SOURCE,ml-poc-1,0.9157,0.0099,0.0227,0.0517
EVT-20260926-2867B1BA,PERSISTENT_THERMAL_SOURCE,ml-poc-1,0.8638,0.0174,0.0303,0.0885
EVT-20260926-27752A38,PERSISTENT_THERMAL_SOURCE,ml-poc-1,0.845,0.0193,0.0385,0.0972
EVT-20260926-E5F2736B,PERSISTENT_THERMAL_SOURCE,ml-poc-1,0.841,0.0198,0.0395,0.0997
EVT-20260926-70E9A76E,PERSISTENT_THERMAL_SOURCE,ml-poc-1,0.9042,0.012,0.0266,0.0573
EVT-20260922-E102AE79,PERSISTENT_THERMAL_SOURCE,ml-poc-1,0.9526,0.0055,0.0175,0.0244
EVT-20260926-E1B02747,PERSISTENT_THERMAL_SOURCE,ml-poc-1,0.9172,0.0097,0.0223,0.0508
EVT-20260924-C9CF12C2,PERSISTENT_THERMAL_SOURCE,ml-poc-1,0.9873,0.0038,0.0042,0.0047
EVT-20260922-D47E4F34,PERSISTENT_THERMAL_SOURCE,ml-poc-1,0.9513,0.0055,0.0138,0.0294
EVT-20260925-159AA0B2,PERSISTENT_THERMAL_SOURCE,ml-poc-1,0.9882,0.0037,0.0034,0.0047
EVT-20260922-59285409,PERSISTENT_THERMAL_SOURCE,ml-poc-1,0.9538,0.0055,0.0163,0.0244
EVT-20260925-4BE53ED1,PERSISTENT_THERMAL_SOURCE,ml-poc-1,0.9879,0.0037,0.0035,0.0048
EVT-20260926-4FA1EB25,PERSISTENT_THERMAL_SOURCE,ml-poc-1,0.8361,0.0206,0.0393,0.1039
EVT-20260925-C915E3CE,PERSISTENT_THERMAL_SOURCE,ml-poc-1,0.9508,0.0055,0.0194,0.0243
EVT-20260922-BED4D815,PERSISTENT_THERMAL_SOURCE,ml-poc-1,0.953,0.0055,0.0171,0.0244
EVT-20260925-686F2003,PERSISTENT_THERMAL_SOURCE,ml-poc-1,0.9509,0.0058,0.02,0.0233
EVT-20260926-224741FD,PERSISTENT_THERMAL_SOURCE,ml-poc-1,0.841,0.0198,0.0395,0.0997
EVT-20260926-71FF7E29,PERSISTENT_THERMAL_SOURCE,ml-poc-1,0.841,0.0198,0.0395,0.0997
EVT-20260924-8CC9C7FC,PERSISTENT_THERMAL_SOURCE,ml-poc-1,0.9528,0.0172,0.0101,0.0199
EVT-20260926-36012683,PERSISTENT_THERMAL_SOURCE,ml-poc-1,0.9539,0.0056,0.0155,0.025
EVT-20260923-1F5E8F53,PERSISTENT_THERMAL_SOURCE,ml-poc-1,0.9541,0.0167,0.0098,0.0193
EVT-20260926-749B35A4,PERSISTENT_THERMAL_SOURCE,ml-poc-1,0.845,0.0193,0.0385,0.0972
EVT-20260926-7BC65A16,PERSISTENT_THERMAL_SOURCE,ml-poc-1,0.841,0.0198,0.0395,0.0997
EVT-20260926-B83242F6,PERSISTENT_THERMAL_SOURCE,ml-poc-1,0.841,0.0198,0.0395,0.0997
EVT-20260926-7BFFE6E7,PERSISTENT_THERMAL_SOURCE,ml-poc-1,0.841,0.0198,0.0395,0.0997
EVT-20260922-E50901CF,PERSISTENT_THERMAL_SOURCE,ml-poc-1,0.9775,0.0078,0.0061,0.0085
EVT-20260926-3A496C18,PERSISTENT_THERMAL_SOURCE,ml-poc-1,0.9595,0.0048,0.0167,0.019
EVT-20260926-D475512D,PERSISTENT_THERMAL_SOURCE,ml-poc-1,0.9148,0.0104,0.0269,0.0479
EVT-20260927-7B163CA4,PERSISTENT_THERMAL_SOURCE,ml-poc-1,0.8312,0.0224,0.0385,0.108
EVT-20260927-647F2368,PERSISTENT_THERMAL_SOURCE,ml-poc-1,0.8274,0.0223,0.0383,0.1121
EVT-20260927-37AEBDCE,PERSISTENT_THERMAL_SOURCE,ml-poc-1,0.9129,0.0098,0.022,0.0553
EVT-20260926-E0FFD6D9,LIKELY_WILDFIRE,ml-poc-1,0.009,0.027,0.9504,0.0136
EVT-20260926-7674150E,LIKELY_WILDFIRE,ml-poc-1,0.009,0.027,0.9502,0.0138
EVT-20260925-46FC7F0A,LIKELY_WILDFIRE,ml-poc-1,0.0789,0.201,0.556,0.164
EVT-20260926-1652259D,CANDIDATE_INDUSTRIAL_FIRE,ml-poc-1,0.0073,0.9589,0.0279,0.0059
EVT-20260927-8FB45A68,LIKELY_WILDFIRE,ml-poc-1,0.0492,0.2673,0.5635,0.12
EVT-20260927-0842E63E,PERSISTENT_THERMAL_SOURCE,ml-poc-1,0.8312,0.0224,0.0385,0.108
EVT-20260927-49CA2311,CANDIDATE_INDUSTRIAL_FIRE,ml-poc-1,0.0606,0.5258,0.1974,0.2161
EVT-20260927-79C546AF,PERSISTENT_THERMAL_SOURCE,ml-poc-1,0.6434,0.0473,0.0813,0.228
EVT-20260927-4093D2A4,CANDIDATE_INDUSTRIAL_FIRE,ml-poc-1,0.067,0.5444,0.1432,0.2454
EVT-20260927-4CBE319E,LIKELY_AG_BURNING,ml-poc-1,0.1723,0.1173,0.1992,0.5112
EVT-20260925-48C5B696,PERSISTENT_THERMAL_SOURCE,ml-poc-1,0.8399,0.0181,0.0618,0.0802
EVT-20260927-A702A77A,CANDIDATE_INDUSTRIAL_FIRE,ml-poc-1,0.0658,0.3719,0.3534,0.2089
EVT-20260927-4F2537F3,PERSISTENT_THERMAL_SOURCE,ml-poc-1,0.8262,0.0222,0.0383,0.1133
EVT-20260927-10CB7EFE,LIKELY_AG_BURNING,ml-poc-1,0.141,0.1214,0.1875,0.5501
EVT-20260927-5399C0F6,LIKELY_AG_BURNING,ml-poc-1,0.156,0.108,0.1858,0.5501
EVT-20260927-14A59F87,PERSISTENT_THERMAL_SOURCE,ml-poc-1,0.8262,0.0222,0.0383,0.1133
EVT-20260927-B93D9EE2,PERSISTENT_THERMAL_SOURCE,ml-poc-1,0.8262,0.0222,0.0383,0.1133
EVT-20260927-BF86C27E,PERSISTENT_THERMAL_SOURCE,ml-poc-1,0.8262,0.0222,0.0383,0.1133
EVT-20260927-5570EFE6,PERSISTENT_THERMAL_SOURCE,ml-poc-1,0.8703,0.0186,0.0316,0.0795
EVT-20260927-41E45B27,LIKELY_AG_BURNING,ml-poc-1,0.1336,0.1104,0.2941,0.4619
EVT-20260927-FE52BC9E,LIKELY_AG_BURNING,ml-poc-1,0.2016,0.09,0.203,0.5054
EVT-20260927-DBCAA303,CANDIDATE_INDUSTRIAL_FIRE,ml-poc-1,0.116,0.3395,0.2159,0.3287
EVT-20260927-BF5A99BC,CANDIDATE_INDUSTRIAL_FIRE,ml-poc-1,0.0647,0.5455,0.146,0.2439
EVT-20260926-16671D7D,LIKELY_AG_BURNING,ml-poc-1,0.1448,0.1114,0.288,0.4557
EVT-20260927-95FF7993,LIKELY_WILDFIRE,ml-poc-1,0.0336,0.2335,0.6495,0.0833
EVT-20260927-5550FD16,PERSISTENT_THERMAL_SOURCE,ml-poc-1,0.8262,0.0222,0.0383,0.1133
EVT-20260923-DBCB3817,LIKELY_WILDFIRE,ml-poc-1,0.3613,0.0107,0.6003,0.0277
EVT-20260926-1CF8EC1E,LIKELY_AG_BURNING,ml-poc-1,0.0228,0.0025,0.0036,0.9711
EVT-20260927-0F48C8D1,LIKELY_AG_BURNING,ml-poc-1,0.0832,0.3648,0.1763,0.3757
EVT-20260927-728FD751,PERSISTENT_THERMAL_SOURCE,ml-poc-1,0.9486,0.0067,0.0174,0.0273
EVT-20260926-8F6EC0FC,PERSISTENT_THERMAL_SOURCE,ml-poc-1,0.9308,0.0079,0.0275,0.0338
EVT-20260927-9824279D,LIKELY_AG_BURNING,ml-poc-1,0.1085,0.2892,0.2863,0.3161
EVT-20260927-1FC02D30,PERSISTENT_THERMAL_SOURCE,ml-poc-1,0.8262,0.0222,0.0383,0.1133
EVT-20260927-4AF058DC,LIKELY_WILDFIRE,ml-poc-1,0.0648,0.3066,0.4669,0.1617
EVT-20260926-D65560D1,PERSISTENT_THERMAL_SOURCE,ml-poc-1,0.912,0.0097,0.0247,0.0536
EVT-20260927-E1D02FD8,LIKELY_AG_BURNING,ml-poc-1,0.2277,0.0957,0.2155,0.461
EVT-20260927-89E68629,LIKELY_AG_BURNING,ml-poc-1,0.141,0.1214,0.1875,0.5501
EVT-20260926-65339FF8,PERSISTENT_THERMAL_SOURCE,ml-poc-1,0.929,0.0081,0.0251,0.0378
EVT-20260927-2BD3DB4D,LIKELY_AG_BURNING,ml-poc-1,0.156,0.108,0.1858,0.5501
EVT-20260927-90FDCBE3,LIKELY_WILDFIRE,ml-poc-1,0.0393,0.1557,0.7369,0.0681
EVT-20260926-3AEFD467,LIKELY_WILDFIRE,ml-poc-1,0.0793,0.1908,0.5606,0.1692
EVT-20260927-4DC93137,LIKELY_WILDFIRE,ml-poc-1,0.0823,0.2261,0.5495,0.1421
EVT-20260927-29FC2AFF,PERSISTENT_THERMAL_SOURCE,ml-poc-1,0.843,0.0195,0.039,0.0985
EVT-20260927-5C45A5C9,PERSISTENT_THERMAL_SOURCE,ml-poc-1,0.843,0.0195,0.039,0.0985
EVT-20260925-C4179564,CANDIDATE_INDUSTRIAL_FIRE,ml-poc-1,0.102,0.3452,0.2111,0.3417
EVT-20260926-18DD021A,PERSISTENT_THERMAL_SOURCE,ml-poc-1,0.8137,0.0491,0.0707,0.0665
EVT-20260926-2DC21CA5,LIKELY_AG_BURNING,ml-poc-1,0.1939,0.0916,0.2122,0.5023
EVT-20260927-A0B5C8DC,LIKELY_AG_BURNING,ml-poc-1,0.1934,0.1339,0.2498,0.4229
EVT-20260927-77C3EE05,CANDIDATE_INDUSTRIAL_FIRE,ml-poc-1,0.1377,0.3114,0.2741,0.2768
EVT-20260927-739D2E37,LIKELY_WILDFIRE,ml-poc-1,0.0487,0.3105,0.5149,0.1259
EVT-20260927-929099FD,CANDIDATE_INDUSTRIAL_FIRE,ml-poc-1,0.076,0.4859,0.1609,0.2772
EVT-20260926-EDE8F7B7,LIKELY_AG_BURNING,ml-poc-1,0.1421,0.107,0.3348,0.4161
EVT-20260926-1609B572,LIKELY_AG_BURNING,ml-poc-1,0.1377,0.095,0.3631,0.4042
EVT-20260927-F7FC96A2,CANDIDATE_INDUSTRIAL_FIRE,ml-poc-1,0.1121,0.3484,0.2603,0.2792
EVT-20260927-7AB4EA35,PERSISTENT_THERMAL_SOURCE,ml-poc-1,0.9348,0.0086,0.0232,0.0333
EVT-20260927-BDEB4FAD,LIKELY_WILDFIRE,ml-poc-1,0.0764,0.3333,0.4244,0.1659
EVT-20260923-7DDBE79D,PERSISTENT_THERMAL_SOURCE,ml-poc-1,0.9402,0.0077,0.0203,0.0318
EVT-20260925-25871990,LIKELY_WILDFIRE,ml-poc-1,0.074,0.1688,0.6192,0.1379
EVT-20260926-B7CD6CE4,PERSISTENT_THERMAL_SOURCE,ml-poc-1,0.8859,0.0156,0.0292,0.0693
EVT-20260923-AEF35219,PERSISTENT_THERMAL_SOURCE,ml-poc-1,0.856,0.0149,0.0782,0.0509
EVT-20260926-6CB61C57,LIKELY_WILDFIRE,ml-poc-1,0.1318,0.2563,0.3856,0.2262
EVT-20260927-0FF3D9B3,LIKELY_AG_BURNING,ml-poc-1,0.1139,0.1296,0.2576,0.4989
EVT-20260927-6C6FFBDE,PERSISTENT_THERMAL_SOURCE,ml-poc-1,0.8018,0.0247,0.0492,0.1243
EVT-20260927-142825CB,PERSISTENT_THERMAL_SOURCE,ml-poc-1,0.8018,0.0247,0.0492,0.1243
EVT-20260927-BE2E9536,PERSISTENT_THERMAL_SOURCE,ml-poc-1,0.6631,0.0419,0.0837,0.2112
EVT-20260927-B446EDDC,PERSISTENT_THERMAL_SOURCE,ml-poc-1,0.7014,0.0395,0.0775,0.1816
EVT-20260927-76E6A99F,PERSISTENT_THERMAL_SOURCE,ml-poc-1,0.6631,0.0419,0.0837,0.2112
EVT-20260927-F3130551,PERSISTENT_THERMAL_SOURCE,ml-poc-1,0.8965,0.0131,0.0327,0.0577
EVT-20260927-FC8D5174,PERSISTENT_THERMAL_SOURCE,ml-poc-1,0.843,0.0195,0.039,0.0985
EVT-20260927-F15D6C04,CANDIDATE_INDUSTRIAL_FIRE,ml-poc-1,0.0841,0.4946,0.1904,0.2309
EVT-20260926-C976A219,PERSISTENT_THERMAL_SOURCE,ml-poc-1,0.9509,0.0056,0.0219,0.0216
EVT-20260927-7F1BAB01,PERSISTENT_THERMAL_SOURCE,ml-poc-1,0.843,0.0195,0.039,0.0985
EVT-20260927-D8EDD68C,PERSISTENT_THERMAL_SOURCE,ml-poc-1,0.843,0.0195,0.039,0.0985
EVT-20260927-37FA0899,PERSISTENT_THERMAL_SOURCE,ml-poc-1,0.8366,0.0203,0.0406,0.1024
EVT-20260927-3BCF53A2,LIKELY_AG_BURNING,ml-poc-1,0.1131,0.1286,0.2545,0.5038
EVT-20260927-DF700AA9,LIKELY_AG_BURNING,ml-poc-1,0.2447,0.0985,0.2439,0.413
EVT-20260927-AE988059,PERSISTENT_THERMAL_SOURCE,ml-poc-1,0.843,0.0195,0.039,0.0985
EVT-20260927-C49EE758,PERSISTENT_THERMAL_SOURCE,ml-poc-1,0.8075,0.024,0.0478,0.1207
EVT-20260927-F924265F,LIKELY_WILDFIRE,ml-poc-1,0.0453,0.1658,0.7049,0.084
EVT-20260927-486EEC04,PERSISTENT_THERMAL_SOURCE,ml-poc-1,0.9089,0.0113,0.0289,0.0509
EVT-20260927-9CCFB412,PERSISTENT_THERMAL_SOURCE,ml-poc-1,0.843,0.0195,0.039,0.0985
EVT-20260927-FF1B7D29,LIKELY_AG_BURNING,ml-poc-1,0.1303,0.1187,0.3051,0.4459
EVT-20260927-C12B6173,PERSISTENT_THERMAL_SOURCE,ml-poc-1,0.8126,0.0233,0.0466,0.1175
EVT-20260927-B2A9963D,PERSISTENT_THERMAL_SOURCE,ml-poc-1,0.843,0.0195,0.039,0.0985
EVT-20260927-4E5C0CA9,PERSISTENT_THERMAL_SOURCE,ml-poc-1,0.843,0.0195,0.039,0.0985
EVT-20260927-AA60FD74,PERSISTENT_THERMAL_SOURCE,ml-poc-1,0.9495,0.0065,0.0205,0.0234
EVT-20260927-8AEA991B,PERSISTENT_THERMAL_SOURCE,ml-poc-1,0.843,0.0195,0.039,0.0985
EVT-20260927-1F00DAA6,PERSISTENT_THERMAL_SOURCE,ml-poc-1,0.8415,0.0197,0.0394,0.0994
EVT-20260927-103FC3EE,PERSISTENT_THERMAL_SOURCE,ml-poc-1,0.8532,0.0194,0.0381,0.0893
EVT-20260927-D25C3652,PERSISTENT_THERMAL_SOURCE,ml-poc-1,0.843,0.0195,0.039,0.0985
EVT-20260927-2E43F3EC,PERSISTENT_THERMAL_SOURCE,ml-poc-1,0.8366,0.0203,0.0406,0.1024
EVT-20260927-3E5B20B5,LIKELY_AG_BURNING,ml-poc-1,0.2463,0.0951,0.2374,0.4211
EVT-20260927-53C827F2,PERSISTENT_THERMAL_SOURCE,ml-poc-1,0.921,0.0094,0.0313,0.0382
EVT-20260927-FAC69C10,PERSISTENT_THERMAL_SOURCE,ml-poc-1,0.7689,0.0276,0.0917,0.1118
EVT-20260927-D2C9C287,PERSISTENT_THERMAL_SOURCE,ml-poc-1,0.951,0.0064,0.0171,0.0255
EVT-20260927-7E3036E3,PERSISTENT_THERMAL_SOURCE,ml-poc-1,0.847,0.019,0.038,0.096
EVT-20260926-8CBD9363,PERSISTENT_THERMAL_SOURCE,ml-poc-1,0.9499,0.0064,0.0193,0.0245
EVT-20260927-7E6D8C16,PERSISTENT_THERMAL_SOURCE,ml-poc-1,0.8379,0.0207,0.0388,0.1026
EVT-20260927-A236ECA9,PERSISTENT_THERMAL_SOURCE,ml-poc-1,0.8382,0.0204,0.0388,0.1026
EVT-20260927-543D9E42,PERSISTENT_THERMAL_SOURCE,ml-poc-1,0.8382,0.0204,0.0388,0.1026
EVT-20260927-972BEFCA,PERSISTENT_THERMAL_SOURCE,ml-poc-1,0.8382,0.0204,0.0388,0.1026
EVT-20260927-9087794E,PERSISTENT_THERMAL_SOURCE,ml-poc-1,0.843,0.0195,0.039,0.0985
EVT-20260927-E5FE82BD,LIKELY_AG_BURNING,ml-poc-1,0.1614,0.1122,0.212,0.5144
EVT-20260927-08A34E1B,PERSISTENT_THERMAL_SOURCE,ml-poc-1,0.843,0.0195,0.039,0.0985
EVT-20260927-F8D5A999,LIKELY_AG_BURNING,ml-poc-1,0.1727,0.103,0.2056,0.5188
EVT-20260927-EEF611A6,PERSISTENT_THERMAL_SOURCE,ml-poc-1,0.8366,0.0203,0.0406,0.1024
EVT-20260923-37318C83,PERSISTENT_THERMAL_SOURCE,ml-poc-1,0.9504,0.0201,0.01,0.0195
EVT-20260927-249C753D,PERSISTENT_THERMAL_SOURCE,ml-poc-1,0.843,0.0195,0.039,0.0985
EVT-20260927-66EA3CA2,PERSISTENT_THERMAL_SOURCE,ml-poc-1,0.843,0.0195,0.039,0.0985
EVT-20260927-4CC1BBFE,PERSISTENT_THERMAL_SOURCE,ml-poc-1,0.8262,0.0222,0.0383,0.1133
EVT-20260927-07BDD728,PERSISTENT_THERMAL_SOURCE,ml-poc-1,0.843,0.0195,0.039,0.0985
EVT-20260923-18D17C15,PERSISTENT_THERMAL_SOURCE,ml-poc-1,0.9408,0.0072,0.0225,0.0295
EVT-20260927-5CBDDA1D,LIKELY_WILDFIRE,ml-poc-1,0.1123,0.265,0.3556,0.267
EVT-20260927-5342821B,PERSISTENT_THERMAL_SOURCE,ml-poc-1,0.7879,0.0272,0.0467,0.1382
EVT-20260923-F1B13ED9,CANDIDATE_INDUSTRIAL_FIRE,ml-poc-1,0.2744,0.3719,0.1194,0.2342
EVT-20260927-A15D5EE8,LIKELY_AG_BURNING,ml-poc-1,0.2372,0.1283,0.2529,0.3817
EVT-20260923-6F8BDFA9,CANDIDATE_INDUSTRIAL_FIRE,ml-poc-1,0.0116,0.9606,0.0189,0.0089
EVT-20260927-A13873C3,LIKELY_WILDFIRE,ml-poc-1,0.0371,0.1829,0.6935,0.0865
EVT-20260923-C907BD2E,PERSISTENT_THERMAL_SOURCE,ml-poc-1,0.9795,0.0077,0.0057,0.0071
EVT-20260927-E7EC5706,PERSISTENT_THERMAL_SOURCE,ml-poc-1,0.9473,0.0068,0.0184,0.0275
EVT-20260924-C6F3D92A,LIKELY_WILDFIRE,ml-poc-1,0.0017,0.0041,0.992,0.0021
EVT-20260927-2F553ED0,PERSISTENT_THERMAL_SOURCE,ml-poc-1,0.843,0.0195,0.039,0.0985
EVT-20260925-F8E99839,PERSISTENT_THERMAL_SOURCE,ml-poc-1,0.9351,0.0266,0.0125,0.0258
EVT-20260927-930AAD08,LIKELY_WILDFIRE,ml-poc-1,0.0086,0.0242,0.9546,0.0126
EVT-20260927-5603E205,LIKELY_AG_BURNING,ml-poc-1,0.105,0.1289,0.2162,0.5498
EVT-20260925-54916E8B,LIKELY_AG_BURNING,ml-poc-1,0.1206,0.1471,0.2442,0.4881
EVT-20260927-0D28850A,PERSISTENT_THERMAL_SOURCE,ml-poc-1,0.8462,0.0199,0.0374,0.0965
EVT-20260927-3C8C2826,LIKELY_AG_BURNING,ml-poc-1,0.157,0.1068,0.2698,0.4664
EVT-20260927-9FD4A26E,PERSISTENT_THERMAL_SOURCE,ml-poc-1,0.8382,0.0204,0.0388,0.1026
EVT-20260927-DD4FAE72,PERSISTENT_THERMAL_SOURCE,ml-poc-1,0.8682,0.0186,0.0316,0.0817
EVT-20260925-2C1FFEFD,LIKELY_AG_BURNING,ml-poc-1,0.1052,0.1269,0.2168,0.5511
EVT-20260927-40001CFA,LIKELY_AG_BURNING,ml-poc-1,0.1059,0.1277,0.2182,0.5482
EVT-20260924-E8AB5CEB,PERSISTENT_THERMAL_SOURCE,ml-poc-1,0.933,0.008,0.0197,0.0393
EVT-20260925-57CE9F8E,LIKELY_WILDFIRE,ml-poc-1,0.0498,0.1997,0.6551,0.0954
EVT-20260927-80822640,LIKELY_AG_BURNING,ml-poc-1,0.1554,0.1213,0.2042,0.5192
EVT-20260925-40AFE5B9,LIKELY_WILDFIRE,ml-poc-1,0.0664,0.2643,0.5762,0.0931
EVT-20260927-41F32131,PERSISTENT_THERMAL_SOURCE,ml-poc-1,0.8274,0.0223,0.0383,0.1121
EVT-20260927-34F0EE8E,PERSISTENT_THERMAL_SOURCE,ml-poc-1,0.8037,0.0247,0.0471,0.1245
EVT-20260923-A0774ECB,PERSISTENT_THERMAL_SOURCE,ml-poc-1,0.9482,0.0214,0.0099,0.0204
EVT-20260927-BAE1E072,PERSISTENT_THERMAL_SOURCE,ml-poc-1,0.9217,0.0085,0.0344,0.0354
EVT-20260926-73C2D186,LIKELY_WILDFIRE,ml-poc-1,0.1578,0.1021,0.3775,0.3625
EVT-20260927-ED8D05A2,PERSISTENT_THERMAL_SOURCE,ml-poc-1,0.8382,0.0204,0.0388,0.1026
EVT-20260927-73EA35AA,PERSISTENT_THERMAL_SOURCE,ml-poc-1,0.843,0.0195,0.039,0.0985
EVT-20260927-271CEF8C,LIKELY_AG_BURNING,ml-poc-1,0.1057,0.1274,0.238,0.5289
EVT-20260923-9D73430B,PERSISTENT_THERMAL_SOURCE,ml-poc-1,0.843,0.0195,0.039,0.0985
EVT-20260925-6195AF47,PERSISTENT_THERMAL_SOURCE,ml-poc-1,0.7646,0.0293,0.0585,0.1476
EVT-20260927-F53CF07E,PERSISTENT_THERMAL_SOURCE,ml-poc-1,0.6631,0.0419,0.0837,0.2112
EVT-20260924-35028023,LIKELY_WILDFIRE,ml-poc-1,0.0478,0.318,0.5107,0.1235
EVT-20260927-ABAF3379,PERSISTENT_THERMAL_SOURCE,ml-poc-1,0.843,0.0195,0.039,0.0985
EVT-20260927-69D5FF25,PERSISTENT_THERMAL_SOURCE,ml-poc-1,0.843,0.0195,0.039,0.0985
EVT-20260927-EFD222E3,PERSISTENT_THERMAL_SOURCE,ml-poc-1,0.843,0.0195,0.039,0.0985
EVT-20260927-340EF5DC,PERSISTENT_THERMAL_SOURCE,ml-poc-1,0.843,0.0195,0.039,0.0985
EVT-20260927-F262D021,PERSISTENT_THERMAL_SOURCE,ml-poc-1,0.7958,0.0261,0.0489,0.1293
EVT-20260927-9CA1BE5E,LIKELY_AG_BURNING,ml-poc-1,0.1569,0.1079,0.1856,0.5496
EVT-20260923-49635221,PERSISTENT_THERMAL_SOURCE,ml-poc-1,0.8848,0.0178,0.0329,0.0646
EVT-20260927-BD4269C0,PERSISTENT_THERMAL_SOURCE,ml-poc-1,0.9303,0.0079,0.0292,0.0327
EVT-20260927-7C92BFE4,CANDIDATE_INDUSTRIAL_FIRE,ml-poc-1,0.1256,0.3278,0.2548,0.2919
EVT-20260927-B7F4CB95,CANDIDATE_INDUSTRIAL_FIRE,ml-poc-1,0.0806,0.4965,0.1911,0.2318
EVT-20260927-AB269093,PERSISTENT_THERMAL_SOURCE,ml-poc-1,0.7452,0.0332,0.057,0.1646
EVT-20260926-F88EE82D,PERSISTENT_THERMAL_SOURCE,ml-poc-1,0.7083,0.0363,0.0991,0.1563
EVT-20260923-489B63EB,LIKELY_AG_BURNING,ml-poc-1,0.1683,0.1152,0.2022,0.5142
EVT-20260927-845DCBDC,LIKELY_AG_BURNING,ml-poc-1,0.1466,0.1111,0.3115,0.4308
EVT-20260927-275B5CA1,PERSISTENT_THERMAL_SOURCE,ml-poc-1,0.843,0.0195,0.039,0.0985
EVT-20260926-C0211FC8,LIKELY_WILDFIRE,ml-poc-1,0.0809,0.217,0.5297,0.1725
EVT-20260923-CE999B8C,PERSISTENT_THERMAL_SOURCE,ml-poc-1,0.9364,0.027,0.0115,0.0251
EVT-20260927-1A88C958,LIKELY_AG_BURNING,ml-poc-1,0.1591,0.1095,0.1882,0.5432
EVT-20260924-3247340A,PERSISTENT_THERMAL_SOURCE,ml-poc-1,0.9441,0.0232,0.0099,0.0228
EVT-20260927-0A9A2644,PERSISTENT_THERMAL_SOURCE,ml-poc-1,0.8262,0.0222,0.0383,0.1133
EVT-20260927-D2474EDE,LIKELY_AG_BURNING,ml-poc-1,0.1045,0.126,0.2466,0.523
EVT-20260927-EC8A2672,PERSISTENT_THERMAL_SOURCE,ml-poc-1,0.9126,0.0098,0.0242,0.0535
EVT-20260927-7103A8F5,PERSISTENT_THERMAL_SOURCE,ml-poc-1,0.8423,0.0215,0.0364,0.0997
EVT-20260927-6EA845BA,PERSISTENT_THERMAL_SOURCE,ml-poc-1,0.8262,0.0222,0.0383,0.1133
EVT-20260923-914A70E4,PERSISTENT_THERMAL_SOURCE,ml-poc-1,0.9496,0.0214,0.0091,0.0199
EVT-20260927-77E92340,PERSISTENT_THERMAL_SOURCE,ml-poc-1,0.7846,0.028,0.0482,0.1391
EVT-20260923-734D19B3,CANDIDATE_INDUSTRIAL_FIRE,ml-poc-1,0.2469,0.3949,0.1092,0.2491
EVT-20260927-6F4F072D,PERSISTENT_THERMAL_SOURCE,ml-poc-1,0.8348,0.0218,0.0369,0.1066
EVT-20260927-C511B486,PERSISTENT_THERMAL_SOURCE,ml-poc-1,0.8262,0.0222,0.0383,0.1133
EVT-20260925-D0ADB74E,PERSISTENT_THERMAL_SOURCE,ml-poc-1,0.9874,0.0038,0.004,0.0048
EVT-20260926-3DCF65E3,PERSISTENT_THERMAL_SOURCE,ml-poc-1,0.845,0.0193,0.0385,0.0972
EVT-20260926-5A4F8E8A,LIKELY_WILDFIRE,ml-poc-1,0.0804,0.2611,0.5002,0.1583
EVT-20260926-8C94E88A,PERSISTENT_THERMAL_SOURCE,ml-poc-1,0.841,0.0198,0.0395,0.0997
EVT-20260925-CFB5F4B0,PERSISTENT_THERMAL_SOURCE,ml-poc-1,0.987,0.0044,0.0032,0.0053
EVT-20260926-E6ABA3D9,PERSISTENT_THERMAL_SOURCE,ml-poc-1,0.841,0.0198,0.0395,0.0997
EVT-20260926-D244DD1E,PERSISTENT_THERMAL_SOURCE,ml-poc-1,0.845,0.0193,0.0385,0.0972
EVT-20260926-FDFE1889,PERSISTENT_THERMAL_SOURCE,ml-poc-1,0.9532,0.0057,0.0153,0.0259
EVT-20260926-329595EE,PERSISTENT_THERMAL_SOURCE,ml-poc-1,0.841,0.0198,0.0395,0.0997
EVT-20260926-0372C355,PERSISTENT_THERMAL_SOURCE,ml-poc-1,0.9379,0.0073,0.0183,0.0364
EVT-20260926-37D2B4FD,PERSISTENT_THERMAL_SOURCE,ml-poc-1,0.8358,0.021,0.0393,0.1039
EVT-20260926-FE39639C,PERSISTENT_THERMAL_SOURCE,ml-poc-1,0.841,0.0198,0.0395,0.0997
EVT-20260926-86D7D478,LIKELY_AG_BURNING,ml-poc-1,0.3328,0.0885,0.2444,0.3344
EVT-20260923-69B96061,PERSISTENT_THERMAL_SOURCE,ml-poc-1,0.948,0.0199,0.0101,0.022
EVT-20260925-D51330C2,PERSISTENT_THERMAL_SOURCE,ml-poc-1,0.9887,0.0037,0.0028,0.0047
EVT-20260925-690E973D,PERSISTENT_THERMAL_SOURCE,ml-poc-1,0.9869,0.0044,0.0032,0.0055
EVT-20260926-2C76C16D,PERSISTENT_THERMAL_SOURCE,ml-poc-1,0.829,0.0227,0.039,0.1094
EVT-20260923-C297EF1E,PERSISTENT_THERMAL_SOURCE,ml-poc-1,0.9469,0.0199,0.0101,0.0232
EVT-20260925-BB278BCF,PERSISTENT_THERMAL_SOURCE,ml-poc-1,0.9889,0.0038,0.0028,0.0046
EVT-20260922-BB18474C,PERSISTENT_THERMAL_SOURCE,ml-poc-1,0.824,0.0225,0.0387,0.1147
EVT-20260925-78A2FB8C,PERSISTENT_THERMAL_SOURCE,ml-poc-1,0.9784,0.0089,0.0048,0.0079
EVT-20260925-1931F320,PERSISTENT_THERMAL_SOURCE,ml-poc-1,0.9249,0.0119,0.0208,0.0423
EVT-20260926-9312FC27,PERSISTENT_THERMAL_SOURCE,ml-poc-1,0.8749,0.0161,0.0311,0.0779
EVT-20260924-AD22FD4C,PERSISTENT_THERMAL_SOURCE,ml-poc-1,0.829,0.0227,0.039,0.1094
EVT-20260926-EF4AF753,PERSISTENT_THERMAL_SOURCE,ml-poc-1,0.942,0.0069,0.0208,0.0303
EVT-20260922-2A7301DB,PERSISTENT_THERMAL_SOURCE,ml-poc-1,0.9897,0.0032,0.0035,0.0036
EVT-20260925-86212213,PERSISTENT_THERMAL_SOURCE,ml-poc-1,0.9898,0.0034,0.0029,0.0039
EVT-20260926-3590AB22,PERSISTENT_THERMAL_SOURCE,ml-poc-1,0.841,0.0198,0.0395,0.0997
EVT-20260926-6153351F,PERSISTENT_THERMAL_SOURCE,ml-poc-1,0.824,0.0225,0.0387,0.1147
EVT-20260926-1BF96A2B,PERSISTENT_THERMAL_SOURCE,ml-poc-1,0.824,0.0225,0.0387,0.1147
EVT-20260926-147A4007,PERSISTENT_THERMAL_SOURCE,ml-poc-1,0.8361,0.0206,0.0393,0.1039
EVT-20260926-7AE97917,PERSISTENT_THERMAL_SOURCE,ml-poc-1,0.841,0.0198,0.0395,0.0997
EVT-20260926-D4E70EB6,LIKELY_AG_BURNING,ml-poc-1,0.1682,0.1154,0.1856,0.5309
EVT-20260926-45A2DCEE,PERSISTENT_THERMAL_SOURCE,ml-poc-1,0.845,0.0193,0.0385,0.0972
EVT-20260926-AFA7F701,PERSISTENT_THERMAL_SOURCE,ml-poc-1,0.841,0.0198,0.0395,0.0997
EVT-20260925-E47C0AC7,PERSISTENT_THERMAL_SOURCE,ml-poc-1,0.9528,0.0172,0.0101,0.0199
EVT-20260926-737D3CC7,PERSISTENT_THERMAL_SOURCE,ml-poc-1,0.841,0.0198,0.0395,0.0997
EVT-20260927-D077D4A4,LIKELY_AG_BURNING,ml-poc-1,0.1008,0.1347,0.2124,0.552
EVT-20260927-6D4F1CD7,PERSISTENT_THERMAL_SOURCE,ml-poc-1,0.7877,0.0281,0.0484,0.1358
EVT-20260927-B7B07156,PERSISTENT_THERMAL_SOURCE,ml-poc-1,0.8312,0.0224,0.0385,0.108
EVT-20260927-4CBB033F,PERSISTENT_THERMAL_SOURCE,ml-poc-1,0.8262,0.0222,0.0383,0.1133
EVT-20260927-7D4B2B68,LIKELY_AG_BURNING,ml-poc-1,0.1452,0.125,0.193,0.5368
EVT-20260927-854704CB,LIKELY_AG_BURNING,ml-poc-1,0.1431,0.1169,0.1881,0.5519
EVT-20260927-84F37F0D,PERSISTENT_THERMAL_SOURCE,ml-poc-1,0.8262,0.0222,0.0383,0.1133
EVT-20260927-DB75461D,LIKELY_WILDFIRE,ml-poc-1,0.0462,0.3399,0.4887,0.1252
EVT-20260925-FAD42D69,LIKELY_AG_BURNING,ml-poc-1,0.1189,0.0999,0.2472,0.534
EVT-20260927-C1467252,PERSISTENT_THERMAL_SOURCE,ml-poc-1,0.8286,0.0223,0.0384,0.1107
EVT-20260927-6C256EED,LIKELY_AG_BURNING,ml-poc-1,0.143,0.1231,0.1901,0.5437
EVT-20260926-699E6459,PERSISTENT_THERMAL_SOURCE,ml-poc-1,0.9448,0.0069,0.0181,0.0302
EVT-20260927-EEB53AC6,PERSISTENT_THERMAL_SOURCE,ml-poc-1,0.8262,0.0222,0.0383,0.1133
EVT-20260927-ED2F3129,LIKELY_WILDFIRE,ml-poc-1,0.0809,0.2171,0.5157,0.1863
EVT-20260927-FB9F86C2,PERSISTENT_THERMAL_SOURCE,ml-poc-1,0.8262,0.0222,0.0383,0.1133
EVT-20260927-EEBF0397,PERSISTENT_THERMAL_SOURCE,ml-poc-1,0.8118,0.0241,0.0414,0.1227
EVT-20260927-F27795A7,LIKELY_AG_BURNING,ml-poc-1,0.1136,0.1171,0.2427,0.5266
EVT-20260927-BAE2C569,PERSISTENT_THERMAL_SOURCE,ml-poc-1,0.9111,0.0098,0.0222,0.057
EVT-20260927-B82840AD,LIKELY_AG_BURNING,ml-poc-1,0.1602,0.112,0.1925,0.5353
EVT-20260927-E28C897B,LIKELY_AG_BURNING,ml-poc-1,0.1615,0.1111,0.1911,0.5362
EVT-20260927-92979A4A,PERSISTENT_THERMAL_SOURCE,ml-poc-1,0.8262,0.0222,0.0383,0.1133
EVT-20260927-572B1BE2,PERSISTENT_THERMAL_SOURCE,ml-poc-1,0.6354,0.0467,0.0803,0.2376
EVT-20260926-7FEF90A4,LIKELY_AG_BURNING,ml-poc-1,0.0025,0.0026,0.0028,0.9922
EVT-20260927-9D288EDE,PERSISTENT_THERMAL_SOURCE,ml-poc-1,0.8262,0.0222,0.0383,0.1133
EVT-20260927-5F5C5641,LIKELY_AG_BURNING,ml-poc-1,0.0978,0.1307,0.2061,0.5653
EVT-20260927-652F4F33,PERSISTENT_THERMAL_SOURCE,ml-poc-1,0.8262,0.0222,0.0383,0.1133
EVT-20260927-335744EB,LIKELY_AG_BURNING,ml-poc-1,0.1032,0.1947,0.2184,0.4838
EVT-20260927-CB1FD618,PERSISTENT_THERMAL_SOURCE,ml-poc-1,0.9114,0.01,0.0234,0.0552
EVT-20260926-E21E4560,PERSISTENT_THERMAL_SOURCE,ml-poc-1,0.8262,0.0222,0.0383,0.1133
EVT-20260927-F1DB2A88,PERSISTENT_THERMAL_SOURCE,ml-poc-1,0.8262,0.0222,0.0383,0.1133
EVT-20260927-54F1D08E,PERSISTENT_THERMAL_SOURCE,ml-poc-1,0.8262,0.0222,0.0383,0.1133
EVT-20260927-EA89C617,PERSISTENT_THERMAL_SOURCE,ml-poc-1,0.6631,0.0419,0.0837,0.2112
EVT-20260927-087A9915,LIKELY_AG_BURNING,ml-poc-1,0.1556,0.1087,0.187,0.5487
EVT-20260926-B5D2C0DA,LIKELY_WILDFIRE,ml-poc-1,0.0477,0.2,0.675,0.0773
EVT-20260927-AB0ED030,LIKELY_AG_BURNING,ml-poc-1,0.114,0.1297,0.2567,0.4996
EVT-20260927-51C4396F,LIKELY_AG_BURNING,ml-poc-1,0.0978,0.1307,0.2061,0.5653
EVT-20260926-97983363,PERSISTENT_THERMAL_SOURCE,ml-poc-1,0.6038,0.0048,0.3787,0.0127
EVT-20260923-49AFD16E,LIKELY_AG_BURNING,ml-poc-1,0.0022,0.0029,0.0029,0.992
EVT-20260927-E0114C64,LIKELY_AG_BURNING,ml-poc-1,0.0978,0.1307,0.2061,0.5653
EVT-20260927-1A5CE3BC,PERSISTENT_THERMAL_SOURCE,ml-poc-1,0.843,0.0195,0.039,0.0985
EVT-20260927-04489315,LIKELY_AG_BURNING,ml-poc-1,0.1131,0.1286,0.2545,0.5038
EVT-20260927-BB863D30,CANDIDATE_INDUSTRIAL_FIRE,ml-poc-1,0.0778,0.5312,0.1775,0.2135
EVT-20260927-8238B6F4,LIKELY_AG_BURNING,ml-poc-1,0.1095,0.1246,0.2254,0.5405
EVT-20260927-24384123,PERSISTENT_THERMAL_SOURCE,ml-poc-1,0.7907,0.0272,0.0469,0.1352
EVT-20260927-07F7DCC5,PERSISTENT_THERMAL_SOURCE,ml-poc-1,0.843,0.0195,0.039,0.0985
EVT-20260927-3375FEE0,CANDIDATE_INDUSTRIAL_FIRE,ml-poc-1,0.1208,0.421,0.215,0.2433
EVT-20260927-B27F8FC8,LIKELY_WILDFIRE,ml-poc-1,0.0473,0.2989,0.5315,0.1223
EVT-20260927-09E89EBB,CANDIDATE_INDUSTRIAL_FIRE,ml-poc-1,0.0832,0.4801,0.1973,0.2394
EVT-20260927-9420F678,LIKELY_AG_BURNING,ml-poc-1,0.1131,0.1286,0.2545,0.5038
EVT-20260927-ABACD92D,PERSISTENT_THERMAL_SOURCE,ml-poc-1,0.6631,0.0419,0.0837,0.2112
EVT-20260927-454FE916,LIKELY_AG_BURNING,ml-poc-1,0.2802,0.0952,0.2489,0.3757
EVT-20260927-9A83CED3,PERSISTENT_THERMAL_SOURCE,ml-poc-1,0.843,0.0195,0.039,0.0985
EVT-20260927-1E5E9A05,CANDIDATE_INDUSTRIAL_FIRE,ml-poc-1,0.0851,0.4886,0.1926,0.2336
EVT-20260926-E0C7FDD5,LIKELY_WILDFIRE,ml-poc-1,0.0114,0.0071,0.9686,0.013
EVT-20260927-F6F279C8,PERSISTENT_THERMAL_SOURCE,ml-poc-1,0.843,0.0195,0.039,0.0985
EVT-20260926-24F13E98,LIKELY_AG_BURNING,ml-poc-1,0.2237,0.1031,0.263,0.4102
EVT-20260927-2E92F5B2,PERSISTENT_THERMAL_SOURCE,ml-poc-1,0.8018,0.0247,0.0492,0.1243
EVT-20260927-26E85F4E,LIKELY_AG_BURNING,ml-poc-1,0.1091,0.1241,0.2457,0.5211
EVT-20260927-31278569,PERSISTENT_THERMAL_SOURCE,ml-poc-1,0.843,0.0195,0.039,0.0985
EVT-20260927-F1BED0FD,LIKELY_AG_BURNING,ml-poc-1,0.1749,0.1052,0.2101,0.5098
EVT-20260927-95A03EAA,PERSISTENT_THERMAL_SOURCE,ml-poc-1,0.8382,0.0204,0.0388,0.1026
EVT-20260927-6695AB9C,LIKELY_AG_BURNING,ml-poc-1,0.1103,0.1331,0.2498,0.5068
EVT-20260927-DA6D2CA0,PERSISTENT_THERMAL_SOURCE,ml-poc-1,0.843,0.0195,0.039,0.0985
EVT-20260927-06C78C73,PERSISTENT_THERMAL_SOURCE,ml-poc-1,0.843,0.0195,0.039,0.0985
EVT-20260927-BB0484DC,PERSISTENT_THERMAL_SOURCE,ml-poc-1,0.843,0.0195,0.039,0.0985
EVT-20260927-C30F65F2,LIKELY_AG_BURNING,ml-poc-1,0.1749,0.1052,0.2101,0.5098
EVT-20260927-7255BE50,PERSISTENT_THERMAL_SOURCE,ml-poc-1,0.843,0.0195,0.039,0.0985
EVT-20260927-0225E656,PERSISTENT_THERMAL_SOURCE,ml-poc-1,0.843,0.0195,0.039,0.0985
EVT-20260927-7F112F94,PERSISTENT_THERMAL_SOURCE,ml-poc-1,0.843,0.0195,0.039,0.0985
EVT-20260927-83931B7C,LIKELY_AG_BURNING,ml-poc-1,0.1614,0.1122,0.212,0.5144
EVT-20260927-25954C53,PERSISTENT_THERMAL_SOURCE,ml-poc-1,0.8018,0.0247,0.0492,0.1243
EVT-20260927-AB54D636,PERSISTENT_THERMAL_SOURCE,ml-poc-1,0.843,0.0195,0.039,0.0985
EVT-20260927-4B5699C5,LIKELY_AG_BURNING,ml-poc-1,0.1088,0.1238,0.224,0.5435
EVT-20260927-14E768BA,LIKELY_AG_BURNING,ml-poc-1,0.1749,0.1052,0.2101,0.5098
EVT-20260927-C1209CD2,PERSISTENT_THERMAL_SOURCE,ml-poc-1,0.843,0.0195,0.039,0.0985
EVT-20260927-19D31FC9,PERSISTENT_THERMAL_SOURCE,ml-poc-1,0.843,0.0195,0.039,0.0985
EVT-20260927-EB6118B4,LIKELY_AG_BURNING,ml-poc-1,0.1614,0.1122,0.212,0.5144
EVT-20260927-0522ADA2,LIKELY_AG_BURNING,ml-poc-1,0.1749,0.1052,0.2101,0.5098
EVT-20260927-C720BE09,CANDIDATE_INDUSTRIAL_FIRE,ml-poc-1,0.0886,0.3743,0.2004,0.3367
EVT-20260927-093CE0BB,PERSISTENT_THERMAL_SOURCE,ml-poc-1,0.843,0.0195,0.039,0.0985
EVT-20260927-AC39E54C,LIKELY_AG_BURNING,ml-poc-1,0.1614,0.1122,0.212,0.5144
EVT-20260927-BD2FA056,PERSISTENT_THERMAL_SOURCE,ml-poc-1,0.8366,0.0203,0.0406,0.1024
EVT-20260927-FF6DDF01,LIKELY_WILDFIRE,ml-poc-1,0.0397,0.2442,0.6136,0.1025
EVT-20260927-8635E75A,PERSISTENT_THERMAL_SOURCE,ml-poc-1,0.8366,0.0203,0.0406,0.1024
EVT-20260927-8585DC4E,LIKELY_AG_BURNING,ml-poc-1,0.1749,0.1052,0.2101,0.5098
EVT-20260927-181F3D78,PERSISTENT_THERMAL_SOURCE,ml-poc-1,0.8379,0.0207,0.0388,0.1026
EVT-20260927-6DFF3AE3,PERSISTENT_THERMAL_SOURCE,ml-poc-1,0.843,0.0195,0.039,0.0985
EVT-20260927-B4A1C1FD,LIKELY_WILDFIRE,ml-poc-1,0.0427,0.2668,0.5802,0.1103
EVT-20260927-2F1A7487,PERSISTENT_THERMAL_SOURCE,ml-poc-1,0.843,0.0195,0.039,0.0985
EVT-20260927-2F6E9891,LIKELY_AG_BURNING,ml-poc-1,0.1612,0.1133,0.2117,0.5137
EVT-20260927-E2C9D111,PERSISTENT_THERMAL_SOURCE,ml-poc-1,0.843,0.0195,0.039,0.0985
EVT-20260927-DDAE3E1B,PERSISTENT_THERMAL_SOURCE,ml-poc-1,0.8382,0.0204,0.0388,0.1026
EVT-20260927-F534AF58,PERSISTENT_THERMAL_SOURCE,ml-poc-1,0.843,0.0195,0.039,0.0985
EVT-20260927-3EE140DF,PERSISTENT_THERMAL_SOURCE,ml-poc-1,0.843,0.0195,0.039,0.0985
EVT-20260927-876E5194,PERSISTENT_THERMAL_SOURCE,ml-poc-1,0.843,0.0195,0.039,0.0985
EVT-20260927-6FA3D1DA,PERSISTENT_THERMAL_SOURCE,ml-poc-1,0.843,0.0195,0.039,0.0985
EVT-20260927-42EBF11E,PERSISTENT_THERMAL_SOURCE,ml-poc-1,0.843,0.0195,0.039,0.0985
EVT-20260927-8F485671,PERSISTENT_THERMAL_SOURCE,ml-poc-1,0.843,0.0195,0.039,0.0985
EVT-20260927-31B6E48B,PERSISTENT_THERMAL_SOURCE,ml-poc-1,0.843,0.0195,0.039,0.0985
EVT-20260927-15AE79B2,PERSISTENT_THERMAL_SOURCE,ml-poc-1,0.843,0.0195,0.039,0.0985
EVT-20260927-1137337F,PERSISTENT_THERMAL_SOURCE,ml-poc-1,0.843,0.0195,0.039,0.0985
EVT-20260927-AF827894,PERSISTENT_THERMAL_SOURCE,ml-poc-1,0.8366,0.0203,0.0406,0.1024
EVT-20260927-5E6F3E12,PERSISTENT_THERMAL_SOURCE,ml-poc-1,0.8832,0.0135,0.0323,0.071
EVT-20260927-7EED8AC1,PERSISTENT_THERMAL_SOURCE,ml-poc-1,0.843,0.0195,0.039,0.0985
EVT-20260927-47AFAF46,PERSISTENT_THERMAL_SOURCE,ml-poc-1,0.843,0.0195,0.039,0.0985
EVT-20260927-5C50B778,PERSISTENT_THERMAL_SOURCE,ml-poc-1,0.843,0.0195,0.039,0.0985
EVT-20260927-A47A6B83,PERSISTENT_THERMAL_SOURCE,ml-poc-1,0.843,0.0195,0.039,0.0985
EVT-20260927-893E3265,PERSISTENT_THERMAL_SOURCE,ml-poc-1,0.8415,0.0197,0.0394,0.0994
EVT-20260927-FBF518FA,PERSISTENT_THERMAL_SOURCE,ml-poc-1,0.843,0.0195,0.039,0.0985
EVT-20260927-3E3E1D04,PERSISTENT_THERMAL_SOURCE,ml-poc-1,0.8382,0.0204,0.0388,0.1026
EVT-20260927-445D118D,PERSISTENT_THERMAL_SOURCE,ml-poc-1,0.8382,0.0204,0.0388,0.1026
EVT-20260927-560D2707,PERSISTENT_THERMAL_SOURCE,ml-poc-1,0.8379,0.0207,0.0388,0.1026
EVT-20260927-24EE3E4E,PERSISTENT_THERMAL_SOURCE,ml-poc-1,0.8379,0.0207,0.0388,0.1026
EVT-20260927-65661071,PERSISTENT_THERMAL_SOURCE,ml-poc-1,0.8379,0.0207,0.0388,0.1026
EVT-20260927-4D98F64F,PERSISTENT_THERMAL_SOURCE,ml-poc-1,0.8382,0.0204,0.0388,0.1026
EVT-20260927-BC9D0BE0,PERSISTENT_THERMAL_SOURCE,ml-poc-1,0.8366,0.0203,0.0406,0.1024
EVT-20260927-A24C8103,PERSISTENT_THERMAL_SOURCE,ml-poc-1,0.8382,0.0204,0.0388,0.1026
EVT-20260927-D5B83524,PERSISTENT_THERMAL_SOURCE,ml-poc-1,0.843,0.0195,0.039,0.0985
EVT-20260927-33CA1892,LIKELY_AG_BURNING,ml-poc-1,0.141,0.1216,0.1874,0.55
EVT-20260927-D96B5312,LIKELY_WILDFIRE,ml-poc-1,0.036,0.1914,0.6796,0.093
EVT-20260927-C16E7C0C,PERSISTENT_THERMAL_SOURCE,ml-poc-1,0.8286,0.0223,0.0384,0.1107
EVT-20260927-9FB83E9D,PERSISTENT_THERMAL_SOURCE,ml-poc-1,0.8844,0.0131,0.0292,0.0733
EVT-20260924-7283A935,PERSISTENT_THERMAL_SOURCE,ml-poc-1,0.9777,0.0087,0.005,0.0086
EVT-20260927-B7772D7C,PERSISTENT_THERMAL_SOURCE,ml-poc-1,0.8286,0.0223,0.0384,0.1107
EVT-20260927-3F63279B,PERSISTENT_THERMAL_SOURCE,ml-poc-1,0.7961,0.0265,0.0457,0.1317
EVT-20260927-DF9678D2,PERSISTENT_THERMAL_SOURCE,ml-poc-1,0.8379,0.0207,0.0388,0.1026
EVT-20260927-D62C07E1,LIKELY_AG_BURNING,ml-poc-1,0.1682,0.1064,0.1991,0.5263
EVT-20260927-2F76ADFA,PERSISTENT_THERMAL_SOURCE,ml-poc-1,0.8382,0.0204,0.0388,0.1026
EVT-20260926-F22380AC,LIKELY_WILDFIRE,ml-poc-1,0.0833,0.2268,0.556,0.1338
EVT-20260927-26C39294,PERSISTENT_THERMAL_SOURCE,ml-poc-1,0.847,0.019,0.038,0.096
EVT-20260927-AC6249E7,PERSISTENT_THERMAL_SOURCE,ml-poc-1,0.8262,0.0222,0.0383,0.1133
EVT-20260927-2D97FB6A,PERSISTENT_THERMAL_SOURCE,ml-poc-1,0.8066,0.0241,0.0481,0.1213
EVT-20260927-20BB7225,PERSISTENT_THERMAL_SOURCE,ml-poc-1,0.843,0.0195,0.039,0.0985
EVT-20260927-CBC56267,PERSISTENT_THERMAL_SOURCE,ml-poc-1,0.843,0.0195,0.039,0.0985
EVT-20260927-6076D64E,PERSISTENT_THERMAL_SOURCE,ml-poc-1,0.8296,0.0212,0.0423,0.1068
EVT-20260927-EACD2418,PERSISTENT_THERMAL_SOURCE,ml-poc-1,0.837,0.0219,0.037,0.1041
EVT-20260923-E29BAAE9,LIKELY_AG_BURNING,ml-poc-1,0.1556,0.1087,0.187,0.5487
EVT-20260927-0AD467FC,LIKELY_WILDFIRE,ml-poc-1,0.0453,0.3708,0.4229,0.1609
EVT-20260924-E18EF21A,PERSISTENT_THERMAL_SOURCE,ml-poc-1,0.8262,0.0222,0.0383,0.1133
EVT-20260927-B8274ED4,PERSISTENT_THERMAL_SOURCE,ml-poc-1,0.8312,0.0224,0.0385,0.108
EVT-20260927-A9D105D5,PERSISTENT_THERMAL_SOURCE,ml-poc-1,0.6354,0.0467,0.0803,0.2376
EVT-20260927-E880EC1F,PERSISTENT_THERMAL_SOURCE,ml-poc-1,0.8262,0.0222,0.0383,0.1133
EVT-20260927-FB930E53,PERSISTENT_THERMAL_SOURCE,ml-poc-1,0.6354,0.0467,0.0803,0.2376
EVT-20260926-EEC35AD0,LIKELY_AG_BURNING,ml-poc-1,0.1733,0.1106,0.209,0.5071
EVT-20260926-A529E995,LIKELY_AG_BURNING,ml-poc-1,0.1852,0.1014,0.2025,0.5109
EVT-20260926-9ACAF70D,LIKELY_AG_BURNING,ml-poc-1,0.1228,0.1283,0.2551,0.4939
EVT-20260927-F0BB8535,CANDIDATE_INDUSTRIAL_FIRE,ml-poc-1,0.0851,0.4886,0.1926,0.2336
EVT-20260927-369A326C,LIKELY_AG_BURNING,ml-poc-1,0.1736,0.1029,0.2053,0.5182
EVT-20260927-CE5778BC,LIKELY_AG_BURNING,ml-poc-1,0.1087,0.1881,0.2461,0.4572
EVT-20260927-A6354166,LIKELY_WILDFIRE,ml-poc-1,0.0105,0.0399,0.9273,0.0222
EVT-20260927-D81D4CA6,LIKELY_AG_BURNING,ml-poc-1,0.1083,0.1305,0.2555,0.5057
EVT-20260927-D4C98380,LIKELY_AG_BURNING,ml-poc-1,0.1591,0.1166,0.2114,0.5129
EVT-20260927-2FD03CCB,LIKELY_AG_BURNING,ml-poc-1,0.1432,0.1233,0.1904,0.5431
EVT-20260927-C8230BC7,LIKELY_AG_BURNING,ml-poc-1,0.0964,0.1289,0.1987,0.576
EVT-20260927-805CDC98,LIKELY_AG_BURNING,ml-poc-1,0.1095,0.1246,0.2254,0.5405
EVT-20260926-AA0DD883,LIKELY_AG_BURNING,ml-poc-1,0.1774,0.1062,0.3209,0.3956
EVT-20260926-A0F3B08E,CANDIDATE_INDUSTRIAL_FIRE,ml-poc-1,0.0802,0.4032,0.1698,0.3468
EVT-20260927-7D66E13C,LIKELY_WILDFIRE,ml-poc-1,0.0335,0.2327,0.6471,0.0868
EVT-20260927-22E02C8B,LIKELY_WILDFIRE,ml-poc-1,0.0352,0.2033,0.666,0.0955
EVT-20260927-7AA3BEBA,LIKELY_WILDFIRE,ml-poc-1,0.0411,0.3297,0.4932,0.1361
EVT-20260927-BE49DA00,LIKELY_WILDFIRE,ml-poc-1,0.0336,0.2335,0.6495,0.0833
EVT-20260927-787354D4,CANDIDATE_INDUSTRIAL_FIRE,ml-poc-1,0.0662,0.5508,0.1414,0.2415
EVT-20260927-829B91B0,LIKELY_WILDFIRE,ml-poc-1,0.0397,0.2442,0.6136,0.1025
EVT-20260927-91CEB72F,LIKELY_WILDFIRE,ml-poc-1,0.0501,0.31,0.5141,0.1257
EVT-20260927-92CA2EBA,LIKELY_AG_BURNING,ml-poc-1,0.1614,0.1122,0.212,0.5144
EVT-20260927-08D13FC9,LIKELY_AG_BURNING,ml-poc-1,0.1101,0.1349,0.2492,0.5058
EVT-20260925-2BF54014,CANDIDATE_INDUSTRIAL_FIRE,ml-poc-1,0.1925,0.5293,0.0964,0.1818
EVT-20260927-97A9FF9E,CANDIDATE_INDUSTRIAL_FIRE,ml-poc-1,0.0886,0.3743,0.2004,0.3367
EVT-20260926-0C00C4E5,PERSISTENT_THERMAL_SOURCE,ml-poc-1,0.6631,0.0419,0.0837,0.2112
EVT-20260926-42382E5E,PERSISTENT_THERMAL_SOURCE,ml-poc-1,0.9452,0.0233,0.0099,0.0216
EVT-20260926-AD062C46,PERSISTENT_THERMAL_SOURCE,ml-poc-1,0.8308,0.079,0.0273,0.0629
EVT-20260926-87625205,LIKELY_AG_BURNING,ml-poc-1,0.2327,0.0991,0.2481,0.4201
EVT-20260926-98DE1559,PERSISTENT_THERMAL_SOURCE,ml-poc-1,0.9762,0.0084,0.0063,0.0091
EVT-20260926-4A9AB2F0,LIKELY_AG_BURNING,ml-poc-1,0.1026,0.1371,0.2162,0.544
EVT-20260926-2019C5F2,PERSISTENT_THERMAL_SOURCE,ml-poc-1,0.8998,0.0155,0.0307,0.054
EVT-20260926-FE5194BF,PERSISTENT_THERMAL_SOURCE,ml-poc-1,0.8366,0.0203,0.0406,0.1024
EVT-20260926-0F70B74F,LIKELY_AG_BURNING,ml-poc-1,0.22,0.0954,0.2807,0.4039
EVT-20260926-594810AB,PERSISTENT_THERMAL_SOURCE,ml-poc-1,0.843,0.0195,0.039,0.0985
EVT-20260926-179D70D3,PERSISTENT_THERMAL_SOURCE,ml-poc-1,0.9288,0.0087,0.0226,0.0399
EVT-20260926-9263A16C,PERSISTENT_THERMAL_SOURCE,ml-poc-1,0.8382,0.0204,0.0388,0.1026
EVT-20260926-ABCA183C,LIKELY_WILDFIRE,ml-poc-1,0.0053,0.0172,0.9688,0.0087
EVT-20260926-443364EC,LIKELY_AG_BURNING,ml-poc-1,0.156,0.108,0.1858,0.5501
EVT-20260926-0060AE0B,LIKELY_AG_BURNING,ml-poc-1,0.0917,0.1225,0.2559,0.5298
EVT-20260926-404066F9,LIKELY_AG_BURNING,ml-poc-1,0.008,0.0026,0.0028,0.9866
EVT-20260926-092F0CA4,LIKELY_AG_BURNING,ml-poc-1,0.0061,0.0026,0.0028,0.9886
EVT-20260926-37E0DF59,LIKELY_AG_BURNING,ml-poc-1,0.0025,0.0026,0.0028,0.9922
EVT-20260926-FA920C6E,LIKELY_AG_BURNING,ml-poc-1,0.008,0.0026,0.0028,0.9866
EVT-20260926-02202B44,LIKELY_WILDFIRE,ml-poc-1,0.0236,0.0167,0.9184,0.0414
EVT-20260926-5817EB49,PERSISTENT_THERMAL_SOURCE,ml-poc-1,0.9441,0.0232,0.0099,0.0228
EVT-20260926-1E532B7C,PERSISTENT_THERMAL_SOURCE,ml-poc-1,0.8854,0.0132,0.0361,0.0653
EVT-20260926-CDFD510F,LIKELY_WILDFIRE,ml-poc-1,0.0136,0.0116,0.945,0.0297
EVT-20260926-D8DE3CC2,LIKELY_AG_BURNING,ml-poc-1,0.008,0.0026,0.0028,0.9866
EVT-20260926-61D4FDEB,LIKELY_AG_BURNING,ml-poc-1,0.0154,0.0029,0.0064,0.9753
EVT-20260926-536FE41D,LIKELY_WILDFIRE,ml-poc-1,0.0018,0.0072,0.988,0.003
EVT-20260926-617A695B,CANDIDATE_INDUSTRIAL_FIRE,ml-poc-1,0.0768,0.537,0.1753,0.2108
EVT-20260925-059076D5,LIKELY_AG_BURNING,ml-poc-1,0.0305,0.0026,0.0044,0.9626
EVT-20260926-5D697C0F,LIKELY_AG_BURNING,ml-poc-1,0.008,0.0026,0.0028,0.9866
EVT-20260926-01DDD849,PERSISTENT_THERMAL_SOURCE,ml-poc-1,0.8286,0.0223,0.0384,0.1107
EVT-20260926-EC7F218C,LIKELY_WILDFIRE,ml-poc-1,0.3349,0.0112,0.6251,0.0288
EVT-20260926-A0603905,LIKELY_AG_BURNING,ml-poc-1,0.0032,0.0027,0.0054,0.9887
EVT-20260926-71D93792,PERSISTENT_THERMAL_SOURCE,ml-poc-1,0.8262,0.0222,0.0383,0.1133
EVT-20260926-431E12B4,PERSISTENT_THERMAL_SOURCE,ml-poc-1,0.6525,0.0433,0.0864,0.2179
EVT-20260926-EB5D09AC,LIKELY_WILDFIRE,ml-poc-1,0.3935,0.0088,0.575,0.0226
EVT-20260926-00A72BDD,LIKELY_AG_BURNING,ml-poc-1,0.0022,0.003,0.0029,0.9919
EVT-20260926-28153297,PERSISTENT_THERMAL_SOURCE,ml-poc-1,0.843,0.0195,0.039,0.0985
EVT-20260926-7859B6AC,PERSISTENT_THERMAL_SOURCE,ml-poc-1,0.843,0.0195,0.039,0.0985
EVT-20260926-992DAFE3,LIKELY_AG_BURNING,ml-poc-1,0.1131,0.1286,0.2545,0.5038
EVT-20260926-0C6FE7DD,LIKELY_WILDFIRE,ml-poc-1,0.4645,0.0063,0.515,0.0141
EVT-20260926-FCDCD0A5,CANDIDATE_INDUSTRIAL_FIRE,ml-poc-1,0.2627,0.4192,0.1156,0.2024
EVT-20260926-C53642E5,CANDIDATE_INDUSTRIAL_FIRE,ml-poc-1,0.0139,0.9641,0.0105,0.0115
EVT-20260926-09F760BE,LIKELY_AG_BURNING,ml-poc-1,0.0071,0.0026,0.0032,0.9871
EVT-20260926-9F652CC3,LIKELY_AG_BURNING,ml-poc-1,0.0046,0.0026,0.0028,0.99
EVT-20260926-A35C2C64,PERSISTENT_THERMAL_SOURCE,ml-poc-1,0.9504,0.0201,0.01,0.0195
EVT-20260926-E5851704,PERSISTENT_THERMAL_SOURCE,ml-poc-1,0.9504,0.0201,0.01,0.0195
EVT-20260926-F906EB86,PERSISTENT_THERMAL_SOURCE,ml-poc-1,0.9504,0.0201,0.01,0.0195
EVT-20260926-9B1F47D3,LIKELY_AG_BURNING,ml-poc-1,0.0039,0.0042,0.0052,0.9867
EVT-20260926-630DB242,PERSISTENT_THERMAL_SOURCE,ml-poc-1,0.9486,0.0211,0.0099,0.0204
EVT-20260926-97EA9B78,PERSISTENT_THERMAL_SOURCE,ml-poc-1,0.9486,0.0211,0.0099,0.0204
EVT-20260926-8FD2C19E,LIKELY_WILDFIRE,ml-poc-1,0.3863,0.009,0.5819,0.0229
EVT-20260926-B9ECCDC3,LIKELY_WILDFIRE,ml-poc-1,0.0217,0.0147,0.9285,0.0351
EVT-20260926-2643DDF0,PERSISTENT_THERMAL_SOURCE,ml-poc-1,0.9504,0.0201,0.01,0.0195
EVT-20260926-265DF314,LIKELY_AG_BURNING,ml-poc-1,0.0094,0.0026,0.0032,0.9848
EVT-20260926-E01FADDA,PERSISTENT_THERMAL_SOURCE,ml-poc-1,0.9486,0.0211,0.0099,0.0204
EVT-20260926-52D346BF,PERSISTENT_THERMAL_SOURCE,ml-poc-1,0.8382,0.0204,0.0388,0.1026
EVT-20260926-87310C0B,LIKELY_AG_BURNING,ml-poc-1,0.0049,0.0032,0.0077,0.9842
EVT-20260926-BF3585DC,PERSISTENT_THERMAL_SOURCE,ml-poc-1,0.9318,0.0277,0.0137,0.0268
EVT-20260926-CB6AEBE8,CANDIDATE_INDUSTRIAL_FIRE,ml-poc-1,0.2638,0.3774,0.1212,0.2377
EVT-20260926-3F4C2652,PERSISTENT_THERMAL_SOURCE,ml-poc-1,0.9504,0.0201,0.01,0.0195
EVT-20260926-5F400ABC,CANDIDATE_INDUSTRIAL_FIRE,ml-poc-1,0.2334,0.4331,0.1155,0.2179
EVT-20260926-04781421,PERSISTENT_THERMAL_SOURCE,ml-poc-1,0.9518,0.0196,0.0097,0.019
EVT-20260926-DF0B4F4E,PERSISTENT_THERMAL_SOURCE,ml-poc-1,0.843,0.0195,0.039,0.0985
EVT-20260926-9FE33113,PERSISTENT_THERMAL_SOURCE,ml-poc-1,0.9504,0.0201,0.01,0.0195
EVT-20260926-A3C1343C,PERSISTENT_THERMAL_SOURCE,ml-poc-1,0.843,0.0195,0.039,0.0985
EVT-20260926-F42B9431,LIKELY_WILDFIRE,ml-poc-1,0.2758,0.0106,0.6867,0.027
EVT-20260926-4F4E29DC,PERSISTENT_THERMAL_SOURCE,ml-poc-1,0.9504,0.0201,0.01,0.0195
EVT-20260926-31CFDB76,PERSISTENT_THERMAL_SOURCE,ml-poc-1,0.9504,0.0201,0.01,0.0195
EVT-20260926-D473BEAD,LIKELY_AG_BURNING,ml-poc-1,0.0028,0.003,0.0034,0.9908
EVT-20260926-19033A1B,PERSISTENT_THERMAL_SOURCE,ml-poc-1,0.843,0.0195,0.039,0.0985
EVT-20260926-6A3F1C67,CANDIDATE_INDUSTRIAL_FIRE,ml-poc-1,0.2744,0.3719,0.1194,0.2342
EVT-20260926-19FFB72F,PERSISTENT_THERMAL_SOURCE,ml-poc-1,0.843,0.0195,0.039,0.0985
EVT-20260926-34B4284F,PERSISTENT_THERMAL_SOURCE,ml-poc-1,0.9504,0.0201,0.01,0.0195
EVT-20260926-80C19B3C,PERSISTENT_THERMAL_SOURCE,ml-poc-1,0.9863,0.0048,0.0041,0.0048
EVT-20260926-B87DFED4,PERSISTENT_THERMAL_SOURCE,ml-poc-1,0.843,0.0195,0.039,0.0985
EVT-20260923-A95A2C0D,PERSISTENT_THERMAL_SOURCE,ml-poc-1,0.988,0.0039,0.0038,0.0043
EVT-20260926-1B03DD5F,PERSISTENT_THERMAL_SOURCE,ml-poc-1,0.9504,0.0201,0.01,0.0195
EVT-20260926-56238F21,PERSISTENT_THERMAL_SOURCE,ml-poc-1,0.8296,0.0212,0.0423,0.1068
EVT-20260926-BFD88403,PERSISTENT_THERMAL_SOURCE,ml-poc-1,0.9504,0.0201,0.01,0.0195
EVT-20260926-C7B240DE,LIKELY_AG_BURNING,ml-poc-1,0.0094,0.0026,0.0032,0.9848
EVT-20260926-751F4BB9,PERSISTENT_THERMAL_SOURCE,ml-poc-1,0.8965,0.0131,0.0327,0.0577
EVT-20260926-342E5C70,PERSISTENT_THERMAL_SOURCE,ml-poc-1,0.9725,0.01,0.0076,0.0099
EVT-20260926-2AB1A75D,PERSISTENT_THERMAL_SOURCE,ml-poc-1,0.9504,0.0201,0.01,0.0195
EVT-20260926-E8129049,PERSISTENT_THERMAL_SOURCE,ml-poc-1,0.8443,0.019,0.0494,0.0874
EVT-20260926-1F2EE60D,PERSISTENT_THERMAL_SOURCE,ml-poc-1,0.9504,0.0201,0.01,0.0195
EVT-20260926-3CCDBDA3,PERSISTENT_THERMAL_SOURCE,ml-poc-1,0.9504,0.0201,0.01,0.0195
EVT-20260926-21F76C84,PERSISTENT_THERMAL_SOURCE,ml-poc-1,0.9809,0.0074,0.005,0.0067
EVT-20260926-AAD116A4,PERSISTENT_THERMAL_SOURCE,ml-poc-1,0.9504,0.0201,0.01,0.0195
EVT-20260926-6B4C8627,PERSISTENT_THERMAL_SOURCE,ml-poc-1,0.9481,0.0211,0.0104,0.0204
EVT-20260926-B4E49C5D,PERSISTENT_THERMAL_SOURCE,ml-poc-1,0.9556,0.0185,0.0091,0.0167
EVT-20260926-041897CF,PERSISTENT_THERMAL_SOURCE,ml-poc-1,0.7892,0.0243,0.0642,0.1223
EVT-20260926-36816129,PERSISTENT_THERMAL_SOURCE,ml-poc-1,0.848,0.0694,0.0279,0.0547
EVT-20260926-30876247,CANDIDATE_INDUSTRIAL_FIRE,ml-poc-1,0.053,0.8321,0.0447,0.0702
EVT-20260926-E37F0644,PERSISTENT_THERMAL_SOURCE,ml-poc-1,0.843,0.0195,0.039,0.0985
EVT-20260926-8CB39FA2,PERSISTENT_THERMAL_SOURCE,ml-poc-1,0.8366,0.0203,0.0406,0.1024
EVT-20260926-3EEB15B1,PERSISTENT_THERMAL_SOURCE,ml-poc-1,0.843,0.0195,0.039,0.0985
EVT-20260926-BEE1CB92,PERSISTENT_THERMAL_SOURCE,ml-poc-1,0.8382,0.0204,0.0388,0.1026
EVT-20260926-DE0C3B59,PERSISTENT_THERMAL_SOURCE,ml-poc-1,0.9286,0.0086,0.0193,0.0435
EVT-20260926-ACE28DD3,PERSISTENT_THERMAL_SOURCE,ml-poc-1,0.9482,0.0214,0.0099,0.0204
EVT-20260926-2AB82A97,CANDIDATE_INDUSTRIAL_FIRE,ml-poc-1,0.0027,0.9849,0.0088,0.0035
EVT-20260926-086BC008,PERSISTENT_THERMAL_SOURCE,ml-poc-1,0.9331,0.0081,0.0221,0.0367
EVT-20260926-D9A1AD11,PERSISTENT_THERMAL_SOURCE,ml-poc-1,0.9167,0.01,0.0226,0.0507
EVT-20260926-C77AE5CA,LIKELY_AG_BURNING,ml-poc-1,0.141,0.1214,0.1875,0.5501
EVT-20260926-E7E92C6A,PERSISTENT_THERMAL_SOURCE,ml-poc-1,0.947,0.0219,0.0103,0.0207
EVT-20260926-E58E11CA,LIKELY_AG_BURNING,ml-poc-1,0.1591,0.1166,0.2114,0.5129
EVT-20260926-6DA15C70,PERSISTENT_THERMAL_SOURCE,ml-poc-1,0.9486,0.0211,0.0099,0.0204
EVT-20260926-CCC4EE76,PERSISTENT_THERMAL_SOURCE,ml-poc-1,0.8262,0.0222,0.0383,0.1133
EVT-20260926-AE6AD172,PERSISTENT_THERMAL_SOURCE,ml-poc-1,0.9447,0.0232,0.0099,0.0222
EVT-20260926-F6149598,PERSISTENT_THERMAL_SOURCE,ml-poc-1,0.8382,0.0204,0.0388,0.1026
EVT-20260926-9F8905FF,PERSISTENT_THERMAL_SOURCE,ml-poc-1,0.843,0.0195,0.039,0.0985
EVT-20260926-B5B2BE63,CANDIDATE_INDUSTRIAL_FIRE,ml-poc-1,0.2744,0.3719,0.1194,0.2342
EVT-20260926-5860FB14,PERSISTENT_THERMAL_SOURCE,ml-poc-1,0.8262,0.0222,0.0383,0.1133
EVT-20260926-5BD43939,PERSISTENT_THERMAL_SOURCE,ml-poc-1,0.9496,0.0204,0.0101,0.0198
EVT-20260926-166CFF22,PERSISTENT_THERMAL_SOURCE,ml-poc-1,0.9486,0.0211,0.0099,0.0204
EVT-20260923-D24ACFC4,PERSISTENT_THERMAL_SOURCE,ml-poc-1,0.9485,0.0211,0.0099,0.0204
EVT-20260924-86631AED,PERSISTENT_THERMAL_SOURCE,ml-poc-1,0.8379,0.0207,0.0388,0.1026
EVT-20260926-E7AE032C,PERSISTENT_THERMAL_SOURCE,ml-poc-1,0.9483,0.0214,0.0099,0.0204
EVT-20260926-530E182F,PERSISTENT_THERMAL_SOURCE,ml-poc-1,0.9441,0.0232,0.0099,0.0228
EVT-20260926-8D202FFD,PERSISTENT_THERMAL_SOURCE,ml-poc-1,0.9366,0.0257,0.0127,0.025
EVT-20260926-3D4DC4D1,PERSISTENT_THERMAL_SOURCE,ml-poc-1,0.9596,0.016,0.0103,0.014
EVT-20260926-3F3A1BC3,CANDIDATE_INDUSTRIAL_FIRE,ml-poc-1,0.2334,0.4331,0.1155,0.2179
EVT-20260926-CD47BC19,PERSISTENT_THERMAL_SOURCE,ml-poc-1,0.9439,0.0228,0.0113,0.0221
EVT-20260926-ACC17878,PERSISTENT_THERMAL_SOURCE,ml-poc-1,0.9482,0.0214,0.0099,0.0204
EVT-20260926-6F21E4A1,CANDIDATE_INDUSTRIAL_FIRE,ml-poc-1,0.2688,0.3857,0.118,0.2275
EVT-20260926-AC65F4F4,PERSISTENT_THERMAL_SOURCE,ml-poc-1,0.7934,0.0265,0.0455,0.1347
EVT-20260926-DD8924C8,CANDIDATE_INDUSTRIAL_FIRE,ml-poc-1,0.2873,0.3943,0.11,0.2084
EVT-20260926-8E86EEA7,PERSISTENT_THERMAL_SOURCE,ml-poc-1,0.971,0.0107,0.0062,0.0121
EVT-20260926-A12F07A3,LIKELY_AG_BURNING,ml-poc-1,0.0181,0.0023,0.0033,0.9763
EVT-20260926-07529E83,PERSISTENT_THERMAL_SOURCE,ml-poc-1,0.8262,0.0222,0.0383,0.1133
EVT-20260926-1A1F1702,PERSISTENT_THERMAL_SOURCE,ml-poc-1,0.9441,0.0232,0.0099,0.0228
EVT-20260926-4C375CC9,LIKELY_WILDFIRE,ml-poc-1,0.0351,0.011,0.932,0.0219
EVT-20260923-5A7B4269,LIKELY_AG_BURNING,ml-poc-1,0.1431,0.1169,0.1881,0.5519
EVT-20260926-5E9C8319,PERSISTENT_THERMAL_SOURCE,ml-poc-1,0.7937,0.0274,0.047,0.132
EVT-20260926-5FCA8AFE,CANDIDATE_INDUSTRIAL_FIRE,ml-poc-1,0.0066,0.9788,0.0055,0.0091
EVT-20260926-BCDFBCBD,CANDIDATE_INDUSTRIAL_FIRE,ml-poc-1,0.0052,0.9821,0.0045,0.0081
EVT-20260926-F4FF0907,CANDIDATE_INDUSTRIAL_FIRE,ml-poc-1,0.0026,0.9913,0.0024,0.0037
EVT-20260926-6FF94B46,CANDIDATE_INDUSTRIAL_FIRE,ml-poc-1,0.0028,0.9834,0.0101,0.0037
EVT-20260926-188DFB4C,CANDIDATE_INDUSTRIAL_FIRE,ml-poc-1,0.0038,0.9875,0.0033,0.0053
EVT-20260925-E3588100,PERSISTENT_THERMAL_SOURCE,ml-poc-1,0.9528,0.0172,0.0101,0.0199
EVT-20260926-BC06FE45,CANDIDATE_INDUSTRIAL_FIRE,ml-poc-1,0.2525,0.3976,0.11,0.2398
EVT-20260926-05F1FEEF,PERSISTENT_THERMAL_SOURCE,ml-poc-1,0.9441,0.0232,0.0099,0.0228
EVT-20260926-5E916A25,PERSISTENT_THERMAL_SOURCE,ml-poc-1,0.8118,0.0241,0.0414,0.1227
EVT-20260926-5B060E24,LIKELY_WILDFIRE,ml-poc-1,0.3842,0.0103,0.579,0.0264
EVT-20260926-2A0A8D42,PERSISTENT_THERMAL_SOURCE,ml-poc-1,0.9444,0.0232,0.0099,0.0225
EVT-20260926-F1C4A784,PERSISTENT_THERMAL_SOURCE,ml-poc-1,0.8262,0.0222,0.0383,0.1133
EVT-20260926-CA06114B,LIKELY_AG_BURNING,ml-poc-1,0.1569,0.1079,0.1856,0.5496
EVT-20260926-04C9BD85,PERSISTENT_THERMAL_SOURCE,ml-poc-1,0.842,0.0734,0.0277,0.0569
EVT-20260926-04315AD3,LIKELY_AG_BURNING,ml-poc-1,0.1736,0.1029,0.2053,0.5182
EVT-20260926-650EF60F,PERSISTENT_THERMAL_SOURCE,ml-poc-1,0.9444,0.0232,0.0099,0.0225
EVT-20260926-0390C2BC,LIKELY_WILDFIRE,ml-poc-1,0.3863,0.009,0.5819,0.0229
EVT-20260926-1592907B,LIKELY_WILDFIRE,ml-poc-1,0.0451,0.207,0.6733,0.0747
EVT-20260926-4ABDE657,PERSISTENT_THERMAL_SOURCE,ml-poc-1,0.6525,0.0433,0.0864,0.2179
EVT-20260926-DA4C25CE,LIKELY_WILDFIRE,ml-poc-1,0.3742,0.0096,0.5919,0.0244
EVT-20260926-3B2CF921,LIKELY_AG_BURNING,ml-poc-1,0.0047,0.0027,0.0029,0.9896
EVT-20260926-2A606D7A,LIKELY_AG_BURNING,ml-poc-1,0.008,0.0026,0.0028,0.9866
EVT-20260926-BBF186CB,LIKELY_AG_BURNING,ml-poc-1,0.008,0.0026,0.0028,0.9866
EVT-20260926-AB610F7F,LIKELY_WILDFIRE,ml-poc-1,0.3197,0.0114,0.6394,0.0295
EVT-20260926-5040EFE5,CANDIDATE_INDUSTRIAL_FIRE,ml-poc-1,0.0041,0.988,0.0036,0.0043
EVT-20260926-E2BD1EFE,LIKELY_AG_BURNING,ml-poc-1,0.008,0.0026,0.0028,0.9866
EVT-20260926-27412A42,LIKELY_WILDFIRE,ml-poc-1,0.3841,0.0103,0.5789,0.0267
EVT-20260926-D681AD3B,CANDIDATE_INDUSTRIAL_FIRE,ml-poc-1,0.0886,0.3743,0.2004,0.3367
EVT-20260926-64700986,PERSISTENT_THERMAL_SOURCE,ml-poc-1,0.9486,0.0211,0.0099,0.0204
EVT-20260926-1A5F65CD,PERSISTENT_THERMAL_SOURCE,ml-poc-1,0.9318,0.0277,0.0137,0.0268
EVT-20260926-64D10D10,LIKELY_WILDFIRE,ml-poc-1,0.3863,0.009,0.5819,0.0229
EVT-20260926-074D6A0B,PERSISTENT_THERMAL_SOURCE,ml-poc-1,0.843,0.0195,0.039,0.0985
EVT-20260926-F1B4057F,PERSISTENT_THERMAL_SOURCE,ml-poc-1,0.8382,0.0204,0.0388,0.1026
EVT-20260926-B4B6C9CB,PERSISTENT_THERMAL_SOURCE,ml-poc-1,0.9346,0.0266,0.0131,0.0257
EVT-20260926-F362F8D3,PERSISTENT_THERMAL_SOURCE,ml-poc-1,0.8296,0.0212,0.0423,0.1068
EVT-20260926-470BAE19,PERSISTENT_THERMAL_SOURCE,ml-poc-1,0.6456,0.0408,0.1079,0.2057
EVT-20260925-4947BDBA,PERSISTENT_THERMAL_SOURCE,ml-poc-1,0.9878,0.0044,0.0034,0.0044
EVT-20260926-340C7A93,PERSISTENT_THERMAL_SOURCE,ml-poc-1,0.981,0.0072,0.0053,0.0066
EVT-20260924-A0C12DA4,PERSISTENT_THERMAL_SOURCE,ml-poc-1,0.9432,0.0266,0.0148,0.0155
EVT-20260926-CE00B9E1,CANDIDATE_INDUSTRIAL_FIRE,ml-poc-1,0.0032,0.9907,0.0028,0.0033
EVT-20260926-CA705504,PERSISTENT_THERMAL_SOURCE,ml-poc-1,0.9504,0.0201,0.01,0.0195
EVT-20260926-4E62D4CA,PERSISTENT_THERMAL_SOURCE,ml-poc-1,0.6375,0.0429,0.1066,0.2129
EVT-20260926-C0802556,PERSISTENT_THERMAL_SOURCE,ml-poc-1,0.8366,0.0203,0.0406,0.1024
EVT-20260926-ADBF2B56,PERSISTENT_THERMAL_SOURCE,ml-poc-1,0.8262,0.0222,0.0383,0.1133
EVT-20260926-0BB119E8,LIKELY_AG_BURNING,ml-poc-1,0.1424,0.1212,0.1872,0.5492
EVT-20260926-3D94545B,PERSISTENT_THERMAL_SOURCE,ml-poc-1,0.9441,0.0232,0.0099,0.0228
EVT-20260926-05E81E9A,PERSISTENT_THERMAL_SOURCE,ml-poc-1,0.9504,0.0201,0.01,0.0195
EVT-20260926-45183918,PERSISTENT_THERMAL_SOURCE,ml-poc-1,0.8379,0.0207,0.0388,0.1026
EVT-20260926-9882F5DD,PERSISTENT_THERMAL_SOURCE,ml-poc-1,0.9368,0.0263,0.0112,0.0257
EVT-20260926-347B5F37,PERSISTENT_THERMAL_SOURCE,ml-poc-1,0.8001,0.0249,0.0497,0.1254
EVT-20260925-7D1F2830,LIKELY_AG_BURNING,ml-poc-1,0.1293,0.1177,0.2719,0.481
EVT-20260924-C46663A9,PERSISTENT_THERMAL_SOURCE,ml-poc-1,0.8358,0.0782,0.027,0.059
EVT-20260924-5696B526,PERSISTENT_THERMAL_SOURCE,ml-poc-1,0.8986,0.014,0.0244,0.063
EVT-20260925-B2D2DBDD,LIKELY_WILDFIRE,ml-poc-1,0.3805,0.0104,0.5822,0.0269
EVT-20260925-7F3DD222,PERSISTENT_THERMAL_SOURCE,ml-poc-1,0.9867,0.0045,0.0033,0.0054
EVT-20260925-86ABA142,PERSISTENT_THERMAL_SOURCE,ml-poc-1,0.9506,0.018,0.0106,0.0208
EVT-20260925-CC125621,PERSISTENT_THERMAL_SOURCE,ml-poc-1,0.9901,0.0032,0.0031,0.0036
EVT-20260922-85DDB6AE,PERSISTENT_THERMAL_SOURCE,ml-poc-1,0.9599,0.0048,0.0163,0.019
EVT-20260924-C9D1ECAB,PERSISTENT_THERMAL_SOURCE,ml-poc-1,0.99,0.0032,0.0032,0.0036
EVT-20260925-E4412218,PERSISTENT_THERMAL_SOURCE,ml-poc-1,0.9469,0.0199,0.0101,0.0232
EVT-20260922-B8109A58,PERSISTENT_THERMAL_SOURCE,ml-poc-1,0.955,0.0055,0.0164,0.0231
EVT-20260925-FC3B8E69,PERSISTENT_THERMAL_SOURCE,ml-poc-1,0.9469,0.0199,0.0101,0.0232
EVT-20260925-163F0B81,PERSISTENT_THERMAL_SOURCE,ml-poc-1,0.9743,0.0091,0.0061,0.0105
EVT-20260925-C69E1C12,PERSISTENT_THERMAL_SOURCE,ml-poc-1,0.9469,0.0199,0.0101,0.0232
EVT-20260923-BC185BA8,PERSISTENT_THERMAL_SOURCE,ml-poc-1,0.9528,0.0172,0.0101,0.0199
EVT-20260925-3FA8800B,PERSISTENT_THERMAL_SOURCE,ml-poc-1,0.9746,0.0104,0.0063,0.0087
EVT-20260923-F8382894,PERSISTENT_THERMAL_SOURCE,ml-poc-1,0.9528,0.0172,0.0101,0.0199
EVT-20260925-06F0365D,PERSISTENT_THERMAL_SOURCE,ml-poc-1,0.9528,0.0172,0.0101,0.0199
EVT-20260925-9FA157C6,PERSISTENT_THERMAL_SOURCE,ml-poc-1,0.6491,0.0039,0.3384,0.0086
EVT-20260924-E8C5AE8E,CANDIDATE_INDUSTRIAL_FIRE,ml-poc-1,0.075,0.7886,0.0777,0.0586
EVT-20260925-02EB1DDB,PERSISTENT_THERMAL_SOURCE,ml-poc-1,0.9528,0.0172,0.0101,0.0199
EVT-20260925-677A87AE,PERSISTENT_THERMAL_SOURCE,ml-poc-1,0.9508,0.0183,0.0101,0.0208
EVT-20260925-6D53A386,PERSISTENT_THERMAL_SOURCE,ml-poc-1,0.9528,0.0172,0.0101,0.0199
EVT-20260925-0F83CE94,PERSISTENT_THERMAL_SOURCE,ml-poc-1,0.9855,0.0049,0.0041,0.0055
EVT-20260925-ECB75EAA,PERSISTENT_THERMAL_SOURCE,ml-poc-1,0.841,0.0198,0.0395,0.0997
EVT-20260925-E2724223,PERSISTENT_THERMAL_SOURCE,ml-poc-1,0.9528,0.0172,0.0101,0.0199
EVT-20260925-137E793C,PERSISTENT_THERMAL_SOURCE,ml-poc-1,0.9882,0.0039,0.0035,0.0043
EVT-20260925-EA77BE1A,LIKELY_WILDFIRE,ml-poc-1,0.3806,0.0104,0.5824,0.0266
EVT-20260924-40588432,LIKELY_WILDFIRE,ml-poc-1,0.0777,0.2616,0.4804,0.1803
EVT-20260925-21459AAA,CANDIDATE_INDUSTRIAL_FIRE,ml-poc-1,0.0105,0.9699,0.0092,0.0104
EVT-20260924-11C1D124,CANDIDATE_INDUSTRIAL_FIRE,ml-poc-1,0.0111,0.9582,0.0204,0.0102
EVT-20260925-64113C46,CANDIDATE_INDUSTRIAL_FIRE,ml-poc-1,0.0026,0.9908,0.003,0.0037
EVT-20260925-C451A3E8,PERSISTENT_THERMAL_SOURCE,ml-poc-1,0.8274,0.0223,0.0383,0.1121
EVT-20260925-D03663C6,PERSISTENT_THERMAL_SOURCE,ml-poc-1,0.8382,0.0204,0.0388,0.1026
EVT-20260925-44E10604,PERSISTENT_THERMAL_SOURCE,ml-poc-1,0.9274,0.0302,0.0128,0.0296
EVT-20260925-9936FF83,LIKELY_WILDFIRE,ml-poc-1,0.0017,0.0064,0.9895,0.0024
EVT-20260925-0D82496D,CANDIDATE_INDUSTRIAL_FIRE,ml-poc-1,0.003,0.9803,0.0131,0.0036
EVT-20260923-E25A99F0,PERSISTENT_THERMAL_SOURCE,ml-poc-1,0.9528,0.0172,0.0101,0.0199
EVT-20260924-CBEB21E6,CANDIDATE_INDUSTRIAL_FIRE,ml-poc-1,0.0234,0.9467,0.0172,0.0126
EVT-20260925-5B979E05,PERSISTENT_THERMAL_SOURCE,ml-poc-1,0.9504,0.0201,0.01,0.0195
EVT-20260923-88F7FA34,CANDIDATE_INDUSTRIAL_FIRE,ml-poc-1,0.052,0.8222,0.0447,0.0811
EVT-20260925-61F6C8D5,PERSISTENT_THERMAL_SOURCE,ml-poc-1,0.9504,0.0201,0.01,0.0195
EVT-20260924-5B36C5E1,LIKELY_WILDFIRE,ml-poc-1,0.0512,0.219,0.6466,0.0831
EVT-20260925-3573C56F,PERSISTENT_THERMAL_SOURCE,ml-poc-1,0.9441,0.0232,0.0099,0.0228
EVT-20260925-337B4CD1,PERSISTENT_THERMAL_SOURCE,ml-poc-1,0.8262,0.0222,0.0383,0.1133
EVT-20260925-094269D4,PERSISTENT_THERMAL_SOURCE,ml-poc-1,0.8262,0.0222,0.0383,0.1133
EVT-20260925-CFC7CBC1,PERSISTENT_THERMAL_SOURCE,ml-poc-1,0.8262,0.0222,0.0383,0.1133
EVT-20260925-0CFD9705,PERSISTENT_THERMAL_SOURCE,ml-poc-1,0.8366,0.0203,0.0406,0.1024
EVT-20260925-DE74D506,LIKELY_AG_BURNING,ml-poc-1,0.0034,0.0269,0.005,0.9647
EVT-20260925-95FE63F7,CANDIDATE_INDUSTRIAL_FIRE,ml-poc-1,0.0036,0.973,0.0195,0.0039
EVT-20260925-4A09D382,LIKELY_AG_BURNING,ml-poc-1,0.1591,0.1166,0.2114,0.5129
EVT-20260925-43319A3E,PERSISTENT_THERMAL_SOURCE,ml-poc-1,0.9452,0.0233,0.0099,0.0216
EVT-20260925-80B96AFC,LIKELY_WILDFIRE,ml-poc-1,0.0235,0.0164,0.9202,0.0399
EVT-20260925-7654EC1E,PERSISTENT_THERMAL_SOURCE,ml-poc-1,0.8308,0.079,0.0273,0.0629
EVT-20260925-237B93CD,CANDIDATE_INDUSTRIAL_FIRE,ml-poc-1,0.003,0.991,0.0026,0.0035
EVT-20260925-CE91682A,CANDIDATE_INDUSTRIAL_FIRE,ml-poc-1,0.2595,0.3907,0.1175,0.2323
EVT-20260925-AA9D702B,PERSISTENT_THERMAL_SOURCE,ml-poc-1,0.9418,0.0238,0.0112,0.0231
EVT-20260925-C3B248BC,LIKELY_AG_BURNING,ml-poc-1,0.1685,0.1047,0.1994,0.5273
EVT-20260925-2CD1DBA4,PERSISTENT_THERMAL_SOURCE,ml-poc-1,0.8998,0.0155,0.0307,0.054
EVT-20260925-8633CD16,PERSISTENT_THERMAL_SOURCE,ml-poc-1,0.8382,0.0204,0.0388,0.1026
EVT-20260925-DFEAB7D1,PERSISTENT_THERMAL_SOURCE,ml-poc-1,0.9447,0.0232,0.0099,0.0222
EVT-20260925-4561C35B,LIKELY_WILDFIRE,ml-poc-1,0.3863,0.009,0.5819,0.0229
EVT-20260925-FE9F026E,PERSISTENT_THERMAL_SOURCE,ml-poc-1,0.9504,0.0201,0.01,0.0195
EVT-20260925-B566FDFE,PERSISTENT_THERMAL_SOURCE,ml-poc-1,0.843,0.0195,0.039,0.0985
EVT-20260925-32092378,LIKELY_AG_BURNING,ml-poc-1,0.1544,0.1153,0.1856,0.5446
EVT-20260925-942266F4,LIKELY_WILDFIRE,ml-poc-1,0.0358,0.2332,0.6342,0.0969
EVT-20260925-30833AC7,LIKELY_AG_BURNING,ml-poc-1,0.0029,0.0026,0.0033,0.9912
EVT-20260924-5308D667,PERSISTENT_THERMAL_SOURCE,ml-poc-1,0.9483,0.0214,0.0099,0.0204
EVT-20260923-309B4ADA,LIKELY_AG_BURNING,ml-poc-1,0.0085,0.0027,0.0029,0.9859
EVT-20260923-CB97557F,CANDIDATE_INDUSTRIAL_FIRE,ml-poc-1,0.0043,0.9859,0.0037,0.006
EVT-20260923-F22B5F96,LIKELY_AG_BURNING,ml-poc-1,0.008,0.0026,0.0028,0.9866
EVT-20260923-0E098D12,PERSISTENT_THERMAL_SOURCE,ml-poc-1,0.8262,0.0222,0.0383,0.1133
EVT-20260923-C75394ED,PERSISTENT_THERMAL_SOURCE,ml-poc-1,0.9481,0.0211,0.0104,0.0204
EVT-20260923-A6F52C0A,LIKELY_AG_BURNING,ml-poc-1,0.1614,0.1122,0.212,0.5144
EVT-20260923-E8E48C1D,PERSISTENT_THERMAL_SOURCE,ml-poc-1,0.9884,0.0037,0.0037,0.0041
EVT-20260923-D88A81C8,PERSISTENT_THERMAL_SOURCE,ml-poc-1,0.9885,0.0039,0.0033,0.0043
EVT-20260923-03CA89C7,PERSISTENT_THERMAL_SOURCE,ml-poc-1,0.9541,0.0167,0.0098,0.0193
EVT-20260923-94183A5A,PERSISTENT_THERMAL_SOURCE,ml-poc-1,0.9665,0.0123,0.0074,0.0137
EVT-20260922-AB75F099,PERSISTENT_THERMAL_SOURCE,ml-poc-1,0.9498,0.0062,0.0174,0.0267
EVT-20260923-F99B81C5,PERSISTENT_THERMAL_SOURCE,ml-poc-1,0.9853,0.005,0.0041,0.0056
EVT-20260923-0A90717C,PERSISTENT_THERMAL_SOURCE,ml-poc-1,0.9528,0.0172,0.0101,0.0199
EVT-20260923-1F57B77D,PERSISTENT_THERMAL_SOURCE,ml-poc-1,0.9855,0.0049,0.0041,0.0055
EVT-20260923-F81BBA33,PERSISTENT_THERMAL_SOURCE,ml-poc-1,0.9528,0.0172,0.0101,0.0199
EVT-20260923-CAB67DC8,PERSISTENT_THERMAL_SOURCE,ml-poc-1,0.9627,0.014,0.0073,0.016
EVT-20260924-A60E5165,LIKELY_AG_BURNING,ml-poc-1,0.1091,0.1241,0.2457,0.5211
EVT-20260924-E865B913,LIKELY_WILDFIRE,ml-poc-1,0.2318,0.008,0.739,0.0211
EVT-20260924-12687D58,PERSISTENT_THERMAL_SOURCE,ml-poc-1,0.9504,0.0201,0.01,0.0195
EVT-20260924-D5E13BB5,PERSISTENT_THERMAL_SOURCE,ml-poc-1,0.9441,0.0232,0.0099,0.0228
EVT-20260924-82DBD921,CANDIDATE_INDUSTRIAL_FIRE,ml-poc-1,0.0031,0.9847,0.0088,0.0034
EVT-20260924-EB5E9F7C,PERSISTENT_THERMAL_SOURCE,ml-poc-1,0.3474,0.3186,0.1279,0.2061
EVT-20260924-BDCAF52C,LIKELY_AG_BURNING,ml-poc-1,0.1569,0.1079,0.1856,0.5496
EVT-20260924-F2484548,LIKELY_AG_BURNING,ml-poc-1,0.0102,0.0026,0.0032,0.984
EVT-20260923-DA6B4EB8,LIKELY_WILDFIRE,ml-poc-1,0.3202,0.0114,0.6403,0.028
EVT-20260923-9803472F,LIKELY_AG_BURNING,ml-poc-1,0.008,0.0026,0.0028,0.9866
EVT-20260923-79284B8A,LIKELY_AG_BURNING,ml-poc-1,0.0029,0.0133,0.0038,0.9801
EVT-20260923-65C2DF83,LIKELY_WILDFIRE,ml-poc-1,0.3613,0.0107,0.6003,0.0277
EVT-20260923-6BBBBBD9,CANDIDATE_INDUSTRIAL_FIRE,ml-poc-1,0.0519,0.821,0.0441,0.0831
EVT-20260923-F29B4DEF,PERSISTENT_THERMAL_SOURCE,ml-poc-1,0.9504,0.0201,0.01,0.0195
EVT-20260923-8C40FA16,PERSISTENT_THERMAL_SOURCE,ml-poc-1,0.9504,0.0201,0.01,0.0195
EVT-20260923-5D61F3EF,PERSISTENT_THERMAL_SOURCE,ml-poc-1,0.843,0.0195,0.039,0.0985
EVT-20260923-681D3FC1,PERSISTENT_THERMAL_SOURCE,ml-poc-1,0.9453,0.0224,0.0106,0.0217
EVT-20260923-17DB7737,PERSISTENT_THERMAL_SOURCE,ml-poc-1,0.843,0.0195,0.039,0.0985
EVT-20260923-AA06B672,PERSISTENT_THERMAL_SOURCE,ml-poc-1,0.9504,0.0201,0.01,0.0195
EVT-20260923-08C673B9,PERSISTENT_THERMAL_SOURCE,ml-poc-1,0.843,0.0195,0.039,0.0985
EVT-20260923-92928D69,PERSISTENT_THERMAL_SOURCE,ml-poc-1,0.8262,0.0222,0.0383,0.1133
EVT-20260923-1D3F5765,PERSISTENT_THERMAL_SOURCE,ml-poc-1,0.8382,0.0204,0.0388,0.1026
EVT-20260923-AE21DB62,LIKELY_AG_BURNING,ml-poc-1,0.1682,0.1061,0.2118,0.5139
EVT-20260923-CA365335,PERSISTENT_THERMAL_SOURCE,ml-poc-1,0.843,0.0195,0.039,0.0985
EVT-20260923-2B0DB44A,PERSISTENT_THERMAL_SOURCE,ml-poc-1,0.843,0.0195,0.039,0.0985
EVT-20260923-578017A2,PERSISTENT_THERMAL_SOURCE,ml-poc-1,0.8262,0.0222,0.0383,0.1133
EVT-20260923-9ADE8F8B,PERSISTENT_THERMAL_SOURCE,ml-poc-1,0.8286,0.0223,0.0384,0.1107
EVT-20260923-AD32687E,LIKELY_WILDFIRE,ml-poc-1,0.0237,0.0164,0.9176,0.0423
EVT-20260923-049E7B23,PERSISTENT_THERMAL_SOURCE,ml-poc-1,0.9504,0.0201,0.01,0.0195
EVT-20260923-D4464FEB,PERSISTENT_THERMAL_SOURCE,ml-poc-1,0.9354,0.0262,0.013,0.0254
EVT-20260923-511A16DB,PERSISTENT_THERMAL_SOURCE,ml-poc-1,0.786,0.0274,0.0471,0.1395
EVT-20260923-4CAFE2E5,PERSISTENT_THERMAL_SOURCE,ml-poc-1,0.9483,0.0214,0.0099,0.0204
EVT-20260923-9388A171,CANDIDATE_INDUSTRIAL_FIRE,ml-poc-1,0.2334,0.4331,0.1155,0.2179
EVT-20260923-9DAE6DBB,PERSISTENT_THERMAL_SOURCE,ml-poc-1,0.9441,0.0232,0.0099,0.0228
EVT-20260923-A11D3D72,PERSISTENT_THERMAL_SOURCE,ml-poc-1,0.841,0.0198,0.0395,0.0997
EVT-20260923-70406C85,LIKELY_AG_BURNING,ml-poc-1,0.0102,0.0026,0.0032,0.984
EVT-20260923-C362FFF0,LIKELY_WILDFIRE,ml-poc-1,0.3801,0.009,0.5878,0.0231
EVT-20260924-33D43277,PERSISTENT_THERMAL_SOURCE,ml-poc-1,0.843,0.0195,0.039,0.0985
EVT-20260924-A5AD40D1,PERSISTENT_THERMAL_SOURCE,ml-poc-1,0.9481,0.0211,0.0104,0.0204
EVT-20260924-17F6BBE2,LIKELY_WILDFIRE,ml-poc-1,0.0369,0.2373,0.6494,0.0765
EVT-20260924-41B37C23,CANDIDATE_INDUSTRIAL_FIRE,ml-poc-1,0.2744,0.3719,0.1194,0.2342
EVT-20260924-7B9DB8B0,PERSISTENT_THERMAL_SOURCE,ml-poc-1,0.8262,0.0222,0.0383,0.1133
EVT-20260924-5A09FB99,PERSISTENT_THERMAL_SOURCE,ml-poc-1,0.8262,0.0222,0.0383,0.1133
EVT-20260924-63939C35,CANDIDATE_INDUSTRIAL_FIRE,ml-poc-1,0.1986,0.5142,0.0995,0.1877
EVT-20260924-E565E891,PERSISTENT_THERMAL_SOURCE,ml-poc-1,0.9504,0.0201,0.01,0.0195
EVT-20260924-3D3D2171,PERSISTENT_THERMAL_SOURCE,ml-poc-1,0.7961,0.0257,0.0489,0.1293
EVT-20260924-7C93764C,LIKELY_AG_BURNING,ml-poc-1,0.0094,0.0026,0.0032,0.9848
EVT-20260924-BB97F337,LIKELY_AG_BURNING,ml-poc-1,0.1431,0.1169,0.1881,0.5519
EVT-20260924-138B41A8,PERSISTENT_THERMAL_SOURCE,ml-poc-1,0.8274,0.0223,0.0383,0.1121
EVT-20260924-2D9BB573,LIKELY_AG_BURNING,ml-poc-1,0.1759,0.0949,0.2045,0.5248
EVT-20260924-4623FE2E,PERSISTENT_THERMAL_SOURCE,ml-poc-1,0.9872,0.0043,0.0031,0.0053
EVT-20260924-10D3C5D9,PERSISTENT_THERMAL_SOURCE,ml-poc-1,0.9474,0.0199,0.0101,0.0226
EVT-20260924-B198AFC9,PERSISTENT_THERMAL_SOURCE,ml-poc-1,0.6022,0.0043,0.3829,0.0106
EVT-20260924-89ED7393,PERSISTENT_THERMAL_SOURCE,ml-poc-1,0.841,0.0198,0.0395,0.0997
EVT-20260923-0A2EFCD5,CANDIDATE_INDUSTRIAL_FIRE,ml-poc-1,0.0535,0.8209,0.0447,0.081
EVT-20260923-1D0E0C2C,LIKELY_WILDFIRE,ml-poc-1,0.0386,0.3054,0.5278,0.1281
EVT-20260923-F5639392,LIKELY_WILDFIRE,ml-poc-1,0.0336,0.2194,0.6358,0.1112
EVT-20260923-88B2B015,LIKELY_WILDFIRE,ml-poc-1,0.0128,0.0147,0.942,0.0305
EVT-20260923-B71FF185,LIKELY_AG_BURNING,ml-poc-1,0.1101,0.1352,0.2492,0.5056
EVT-20260923-B8148408,LIKELY_AG_BURNING,ml-poc-1,0.1051,0.1196,0.3149,0.4604
EVT-20260923-20FE233D,LIKELY_WILDFIRE,ml-poc-1,0.0336,0.2335,0.6495,0.0833
EVT-20260923-CB054B68,CANDIDATE_INDUSTRIAL_FIRE,ml-poc-1,0.0519,0.8218,0.0441,0.0822
EVT-20260924-536F2D0F,LIKELY_WILDFIRE,ml-poc-1,0.0355,0.265,0.5871,0.1124
EVT-20260924-3C0788F0,LIKELY_AG_BURNING,ml-poc-1,0.1054,0.1292,0.2375,0.5279
EVT-20260924-85AE95C3,CANDIDATE_INDUSTRIAL_FIRE,ml-poc-1,0.005,0.9697,0.0199,0.0054
EVT-20260924-2EAEED82,LIKELY_WILDFIRE,ml-poc-1,0.002,0.0074,0.9877,0.0028
EVT-20260922-723067D3,PERSISTENT_THERMAL_SOURCE,ml-poc-1,0.9396,0.0071,0.0192,0.034
EVT-20260922-5EA08977,PERSISTENT_THERMAL_SOURCE,ml-poc-1,0.9874,0.0043,0.0032,0.0051
EVT-20260922-D484E268,PERSISTENT_THERMAL_SOURCE,ml-poc-1,0.9528,0.0172,0.0101,0.0199
EVT-20260922-D6CCD1FF,PERSISTENT_THERMAL_SOURCE,ml-poc-1,0.9449,0.0065,0.0168,0.0318
EVT-20260922-3DC8D480,PERSISTENT_THERMAL_SOURCE,ml-poc-1,0.6032,0.005,0.3787,0.013
EVT-20260922-4545C0BC,PERSISTENT_THERMAL_SOURCE,ml-poc-1,0.9814,0.0064,0.0051,0.0071
EVT-20260922-85322B89,PERSISTENT_THERMAL_SOURCE,ml-poc-1,0.9876,0.0039,0.0041,0.0044
EVT-20260922-535DB9FC,PERSISTENT_THERMAL_SOURCE,ml-poc-1,0.9528,0.0172,0.0101,0.0199
EVT-20260922-8C732889,PERSISTENT_THERMAL_SOURCE,ml-poc-1,0.9156,0.0128,0.0223,0.0493
EVT-20260924-718B8487,PERSISTENT_THERMAL_SOURCE,ml-poc-1,0.8264,0.0226,0.0389,0.1121
EVT-20260924-C5F5549E,PERSISTENT_THERMAL_SOURCE,ml-poc-1,0.9876,0.0039,0.0042,0.0043
EVT-20260924-59414AC8,PERSISTENT_THERMAL_SOURCE,ml-poc-1,0.9528,0.0172,0.0101,0.0199
EVT-20260925-B18F719B,LIKELY_AG_BURNING,ml-poc-1,0.1556,0.1087,0.187,0.5487
EVT-20260924-D6EBF1AF,PERSISTENT_THERMAL_SOURCE,ml-poc-1,0.9176,0.0099,0.0223,0.0501
EVT-20260922-83A80569,PERSISTENT_THERMAL_SOURCE,ml-poc-1,0.9528,0.0172,0.0101,0.0199
EVT-20260922-169721F6,PERSISTENT_THERMAL_SOURCE,ml-poc-1,0.9528,0.0172,0.0101,0.0199
EVT-20260922-5C8858DF,PERSISTENT_THERMAL_SOURCE,ml-poc-1,0.9528,0.0172,0.0101,0.0199
EVT-20260922-E1F38210,PERSISTENT_THERMAL_SOURCE,ml-poc-1,0.9528,0.0172,0.0101,0.0199
EVT-20260922-79C2A8A9,PERSISTENT_THERMAL_SOURCE,ml-poc-1,0.9469,0.0199,0.0101,0.0232
EVT-20260923-B2C39941,PERSISTENT_THERMAL_SOURCE,ml-poc-1,0.9842,0.0054,0.0047,0.0057
EVT-20260923-44CEB872,CANDIDATE_INDUSTRIAL_FIRE,ml-poc-1,0.2334,0.4331,0.1155,0.2179
EVT-20260923-DA1C8785,CANDIDATE_INDUSTRIAL_FIRE,ml-poc-1,0.0115,0.9664,0.0117,0.0104
EVT-20260923-4A4F1699,PERSISTENT_THERMAL_SOURCE,ml-poc-1,0.8057,0.0242,0.0483,0.1218
EVT-20260923-7532835D,PERSISTENT_THERMAL_SOURCE,ml-poc-1,0.9504,0.0201,0.01,0.0195
EVT-20260923-9536733A,PERSISTENT_THERMAL_SOURCE,ml-poc-1,0.9504,0.0201,0.01,0.0195
EVT-20260923-49571181,PERSISTENT_THERMAL_SOURCE,ml-poc-1,0.8262,0.0222,0.0383,0.1133
EVT-20260923-C870AF37,PERSISTENT_THERMAL_SOURCE,ml-poc-1,0.9822,0.0065,0.005,0.0063
EVT-20260923-ACB192CB,PERSISTENT_THERMAL_SOURCE,ml-poc-1,0.8325,0.0193,0.051,0.0972
EVT-20260923-3A54D751,PERSISTENT_THERMAL_SOURCE,ml-poc-1,0.905,0.0144,0.0245,0.056
EVT-20260923-A5928954,PERSISTENT_THERMAL_SOURCE,ml-poc-1,0.6354,0.0467,0.0803,0.2376
EVT-20260923-E2C3606E,CANDIDATE_INDUSTRIAL_FIRE,ml-poc-1,0.1179,0.3293,0.2805,0.2722
